p_noise,trace_witness,label,round,hamiltonian
0.0,-1.028208208976244,1,4,H5
0.5,4.812540064380842,-1,4,H5
0.25,2.8194374241762787,-1,4,H5
0.125,1.2542603676415434,-1,4,H5
0.0625,0.22024709084337607,-1,4,H5
0.03125,-0.37484174028321204,1,4,H5
0.046875,-0.07031112296832298,1,4,H5
0.0546875,0.07667783588154334,-1,4,H5
0.05078125,0.003615379931265844,-1,4,H5
0.048828125,-0.03323929326006775,1,4,H5
0.0498046875,-0.014784883753061029,1,4,H5
0.05029296875,-0.005577992630556333,1,4,H5
0.050537109375,-0.0009796176474251295,1,4,H5
0.0506591796875,0.0013183031777787846,-1,4,H5
0.05059814453125,0.00016944829160170372,-1,4,H5
0.050567626953125,-0.0004050582941219627,1,4,H5
0.0505828857421875,-0.00011779840558581722,1,4,H5
0.05059051513671875,2.5826591892819106e-05,-1,4,H5
0.050586700439453125,-4.5985494621564316e-05,1,4,H5
0.05058860778808594,-1.0079348308156266e-05,1,4,H5
0.050589561462402344,7.873647556250196e-06,-1,4,H5
0.05058908462524414,-1.1028439348970132e-06,1,4,H5
0.0,-2.1392728101568945,1,8,H5
0.5,3.468553725373995,-1,8,H5
0.25,2.1027069272349044,-1,8,H5
0.125,0.6558552205855284,-1,8,H5
0.0625,-0.5127741805789603,1,8,H5
0.09375,0.12003884293347847,-1,8,H5
0.078125,-0.18323172187813908,1,8,H5
0.0859375,-0.02844370578467821,1,8,H5
0.08984375,0.04656977542367784,-1,8,H5
0.087890625,0.009258064637621327,-1,8,H5
0.0869140625,-0.009543814203332585,1,8,H5
0.08740234375,-0.0001306543787621961,1,8,H5
0.087646484375,0.004566756338377595,-1,8,H5
0.0875244140625,0.002218814268264896,-1,8,H5
0.08746337890625,0.0010442708276685864,-1,8,H5
0.087432861328125,0.0004568559527843852,-1,8,H5
0.0874176025390625,0.0001631127200439897,-1,8,H5
0.08740997314453125,1.623215401783118e-05,-1,8,H5
0.08740615844726562,-5.721036651340494e-05,1,8,H5
0.08740806579589844,-2.0488919784525383e-05,1,8,H5
0.08740901947021484,-2.1283362678647944e-06,1,8,H5
0.08740949630737305,7.051920529216327e-06,-1,8,H5
0.0,-2.12366681748114,1,12,H5
0.5,3.275809622262395,-1,12,H5
0.25,2.040545910865211,-1,12,H5
0.125,0.6096117655973655,-1,12,H5
0.0625,-0.5426661662691943,1,12,H5
0.09375,0.07972066737798116,-1,12,H5
0.078125,-0.21905389187938545,1,12,H5
0.0859375,-0.0666726637363077,1,12,H5
0.08984375,0.007258968459091103,-1,12,H5
0.087890625,-0.02952143026117761,1,12,H5
0.0888671875,-0.011085086913218453,1,12,H5
0.08935546875,-0.0019015494464750399,1,12,H5
0.089599609375,0.002681583679288224,-1,12,H5
0.0894775390625,0.0003907360684547584,-1,12,H5
0.08941650390625,-0.0007552268998785305,1,12,H5
0.089447021484375,-0.00018220047481955215,1,12,H5
0.0894622802734375,0.00010427903124199389,-1,12,H5
0.08945465087890625,-3.895791308285157e-05,1,12,H5
0.08945846557617188,3.266126124336355e-05,-1,12,H5
0.08945655822753906,-3.148150377552117e-06,1,12,H5
0.08945751190185547,1.4756599318876962e-05,-1,12,H5
0.08945703506469727,5.80423544215003e-06,-1,12,H5
0.0,-2.307669128786068,1,16,H5
0.5,3.0608185522897315,-1,16,H5
0.25,1.8637658169564224,-1,16,H5
0.125,0.38950460769587036,-1,16,H5
0.0625,-0.7678609463601427,1,16,H5
0.09375,-0.1466399932981656,1,16,H5
0.109375,0.13145275368802872,-1,16,H5
0.1015625,-0.005013628303043832,1,16,H5
0.10546875,0.0638550854563272,-1,16,H5
0.103515625,0.02958078638246253,-1,16,H5
0.1025390625,0.01232374126418953,-1,16,H5
0.10205078125,0.0036651155480718345,-1,16,H5
0.101806640625,-0.0006717392941999051,1,16,H5
0.1019287109375,0.0014973171080951142,-1,16,H5
0.10186767578125,0.0004129461884381097,-1,16,H5
0.101837158203125,-0.00012935722798222693,1,16,H5
0.1018524169921875,0.00014180431088670065,-1,16,H5
0.10184478759765625,6.225999187522979e-06,-1,16,H5
0.10184097290039062,-6.156499995468856e-05,1,16,H5
0.10184288024902344,-2.7669346773978587e-05,1,16,H5
0.10184383392333984,-1.0721635390842366e-05,1,16,H5
0.10184431076049805,-2.247808501248949e-06,1,16,H5
0.0,-2.2164959228460006,1,20,H5
0.5,3.0992991806504877,-1,20,H5
0.25,1.8911286734628576,-1,20,H5
0.125,0.4586627254899946,-1,20,H5
0.0625,-0.6790752643037885,1,20,H5
0.09375,-0.06649192797187015,1,20,H5
0.109375,0.20629725686096495,-1,20,H5
0.1015625,0.0725424993756285,-1,20,H5
0.09765625,0.0036963371111478766,-1,20,H5
0.095703125,-0.031228631159156403,1,20,H5
0.0966796875,-0.013724031800010097,1,20,H5
0.09716796875,-0.005003340460466993,1,20,H5
0.097412109375,-0.0006508776902772184,1,20,H5
0.0975341796875,0.001523385364682786,-1,20,H5
0.09747314453125,0.0004364177934855773,-1,20,H5
0.097442626953125,-0.00010718895398403872,1,20,H5
0.0974578857421875,0.00016462466768622785,-1,20,H5
0.09745025634765625,2.872041891832655e-05,-1,20,H5
0.09744644165039062,-3.9233627005932914e-05,1,20,H5
0.09744834899902344,-5.256443913193021e-06,1,20,H5
0.09744930267333984,1.173202753497471e-05,-1,20,H5
0.09744882583618164,3.237801818864461e-06,-1,20,H5
0.0,-2.4132300088586494,1,24,H5
0.5,2.895840276603886,-1,24,H5
0.25,1.579461196227217,-1,24,H5
0.125,0.1521419632301957,-1,24,H5
0.0625,-0.9484737227201319,1,24,H5
0.09375,-0.3582158000359379,1,24,H5
0.109375,-0.09368994959139026,1,24,H5
0.1171875,0.03148594943340924,-1,24,H5
0.11328125,-0.03052755670748325,1,24,H5
0.115234375,0.0006216162000496767,-1,24,H5
0.1142578125,-0.014917216971235644,1,24,H5
0.11474609375,-0.007138880639809636,1,24,H5
0.114990234375,-0.003256404602272306,1,24,H5
0.1151123046875,-0.0013168375863755466,1,24,H5
0.11517333984375,-0.0003474715756752733,1,24,H5
0.115203857421875,0.00013710708703537633,-1,24,H5
0.1151885986328125,-0.00010517355004290019,1,24,H5
0.11519622802734375,1.5968941995181396e-05,-1,24,H5
0.11519241333007812,-4.4601760640125554e-05,1,24,H5
0.11519432067871094,-1.431627347781017e-05,1,24,H5
0.11519527435302734,8.263682195336353e-07,-1,24,H5
0.11519479751586914,-6.744944138534215e-06,1,24,H5
0.0,-1.9943796006250682,1,28,H5
0.5,3.2870593991709254,-1,28,H5
0.25,2.1934423459895003,-1,28,H5
0.125,0.7651470006427146,-1,28,H5
0.0625,-0.4000054830843542,1,28,H5
0.09375,0.22944655444796247,-1,28,H5
0.078125,-0.07276444009520423,1,28,H5
0.0859375,0.08136724198874362,-1,28,H5
0.08203125,0.005070573188981686,-1,28,H5
0.080078125,-0.033653045186367136,1,28,H5
0.0810546875,-0.01424296409415396,1,28,H5
0.08154296875,-0.004574152429959233,1,28,H5
0.081787109375,0.00025121802014457795,-1,28,H5
0.0816650390625,-0.0021607149055573316,1,28,H5
0.08172607421875,-0.0009545604165293875,1,28,H5
0.081756591796875,-0.00035162419772974407,1,28,H5
0.0817718505859375,-5.019133943709453e-05,1,28,H5
0.08177947998046875,0.00010051627759749548,-1,28,H5
0.08177566528320312,2.516320340301137e-05,-1,28,H5
0.08177375793457031,-1.2513884434822709e-05,1,28,H5
0.08177471160888672,6.324705379645579e-06,-1,28,H5
0.08177423477172852,-3.09457805353075e-06,1,28,H5
0.0,-1.874776499359807,1,32,H5
0.5,3.3717151064825828,-1,32,H5
0.25,2.3584485303094964,-1,32,H5
0.125,0.9345989674308055,-1,32,H5
0.0625,-0.24670501889104637,1,32,H5
0.09375,0.39273637603810596,-1,32,H5
0.078125,0.08604192624058013,-1,32,H5
0.0703125,-0.07696687272520042,1,32,H5
0.07421875,0.0053649753983615045,-1,32,H5
0.072265625,-0.035592384526050014,1,32,H5
0.0732421875,-0.015061777084625555,1,32,H5
0.07373046875,-0.004835445596874516,1,32,H5
0.073974609375,0.00026800038878474486,-1,32,H5
0.0738525390625,-0.002282913316791396,1,32,H5
0.07391357421875,-0.0010072541941075208,1,32,H5
0.073944091796875,-0.0003695763416759479,1,32,H5
0.0739593505859375,-5.077533701075554e-05,1,32,H5
0.07396697998046875,0.00010861568564457524,-1,32,H5
0.07396316528320312,2.892096426920787e-05,-1,32,H5
0.07396125793457031,-1.09269888812491e-05,1,32,H5
0.07396221160888672,8.997037066249547e-06,-1,32,H5
0.07396173477172852,-9.64963564414889e-07,1,32,H5
0.0,-2.1687606702942084,1,36,H5
0.5,3.039605953265387,-1,36,H5
0.25,1.9620850384666875,-1,36,H5
0.125,0.5701594771208183,-1,36,H5
0.0625,-0.5786662343908455,1,36,H5
0.09375,0.04348502145353614,-1,36,H5
0.078125,-0.2547888065111268,1,36,H5
0.0859375,-0.10256346141326664,1,36,H5
0.08984375,-0.028780792490043394,1,36,H5
0.091796875,0.007540031165267969,-1,36,H5
0.0908203125,-0.01057319109846691,1,36,H5
0.09130859375,-0.001504808929641166,1,36,H5
0.091552734375,0.0030205505876082506,-1,36,H5
0.0914306640625,0.0007586061073990014,-1,36,H5
0.09136962890625,-0.0003729175401284146,1,36,H5
0.091400146484375,0.00019289024495863782,-1,36,H5
0.0913848876953125,-9.000215645046938e-05,1,36,H5
0.09139251708984375,5.144691693725889e-05,-1,36,H5
0.09138870239257812,-1.9276901573245242e-05,1,36,H5
0.09139060974121094,1.6085187225706177e-05,-1,36,H5
0.09138965606689453,-1.5958122873971359e-06,1,36,H5
0.09139013290405273,7.244698690761497e-06,-1,36,H5
0.0,-2.6892846593734743,1,40,H5
0.5,2.50952058356292,-1,40,H5
0.25,1.6215431063694108,-1,40,H5
0.125,0.2106267416284366,-1,40,H5
0.0625,-0.9975755051716368,1,40,H5
0.09375,-0.34089240437644264,1,40,H5
0.109375,-0.052884752301562615,1,40,H5
0.1171875,0.08182583321858655,-1,40,H5
0.11328125,0.015222430411629656,-1,40,H5
0.111328125,-0.018641522072569416,1,40,H5
0.1123046875,-0.001662345257223946,1,40,H5
0.11279296875,0.006791816651673943,-1,40,H5
0.112548828125,0.0025676824711375057,-1,40,H5
0.1124267578125,0.000453405707636384,-1,40,H5
0.11236572265625,-0.0006042854487054994,1,40,H5
0.112396240234375,-7.539379537832569e-05,1,40,H5
0.1124114990234375,0.00018901747412253256,-1,40,H5
0.11240386962890625,5.681471896989976e-05,-1,40,H5
0.11240005493164062,-9.288818292457757e-06,1,40,H5
0.11240196228027344,2.3763130315324066e-05,-1,40,H5
0.11240100860595703,7.237201006010663e-06,-1,40,H5
0.11240053176879883,-1.0257973943328391e-06,1,40,H5
0.0,-2.7639368589750433,1,44,H5
0.5,2.4029746373417264,-1,44,H5
0.25,1.5747233257865751,-1,44,H5
0.125,0.155681260224882,-1,44,H5
0.0625,-1.0632314337284974,1,44,H5
0.09375,-0.40102589300850844,1,44,H5
0.109375,-0.11034350333947351,1,44,H5
0.1171875,0.025648249873221337,-1,44,H5
0.11328125,-0.04159012474793677,1,44,H5
0.115234375,-0.007783156375455957,1,44,H5
0.1162109375,0.008979293768684816,-1,44,H5
0.11572265625,0.0006097801851697449,-1,44,H5
0.115478515625,-0.0035837571271868235,1,44,H5
0.1156005859375,-0.0014862561161806433,1,44,H5
0.11566162109375,-0.0004380549251777263,1,44,H5
0.115692138671875,8.590838403163548e-05,-1,44,H5
0.1156768798828125,-0.00017606183130823225,1,44,H5
0.11568450927734375,-4.50738639166115e-05,1,44,H5
0.11568832397460938,2.041797497612588e-05,-1,44,H5
0.11568641662597656,-1.2327765738930074e-05,1,44,H5
0.11568737030029297,4.045149301336315e-06,-1,44,H5
0.11568689346313477,-4.14129704827404e-06,1,44,H5
0.0,-2.5353352044065143,1,48,H5
0.5,2.6345810136886625,-1,48,H5
0.25,1.6045471835419796,-1,48,H5
0.125,0.23302599616654196,-1,48,H5
0.0625,-0.9198192037968727,1,48,H5
0.09375,-0.29366763815655034,1,48,H5
0.109375,-0.01880666657799726,1,48,H5
0.1171875,0.10987905155311345,-1,48,H5
0.11328125,0.0462419391376753,-1,48,H5
0.111328125,0.013895769095867108,-1,48,H5
0.1103515625,-0.0024107021853986693,1,48,H5
0.11083984375,0.005753693365513068,-1,48,H5
0.110595703125,0.001674288904971566,-1,48,H5
0.1104736328125,-0.0003675078939902876,1,48,H5
0.11053466796875,0.0006535651398446862,-1,48,H5
0.110504150390625,0.00014307228804001648,-1,48,H5
0.1104888916015625,-0.0001122068858812747,1,48,H5
0.11049652099609375,1.5435430250884674e-05,-1,48,H5
0.11049270629882812,-4.8385045509774516e-05,1,48,H5
0.11049461364746094,-1.6474637054536556e-05,1,48,H5
0.11049556732177734,-5.195607585412043e-07,1,48,H5
0.11049604415893555,7.4579454068524065e-06,-1,48,H5
0.0,-1.4535469110577535,1,52,H5
0.5,3.7416556075428216,-1,52,H5
0.25,2.762868199863682,-1,52,H5
0.125,1.4250039761292714,-1,52,H5
0.0625,0.24953312053377247,-1,52,H5
0.03125,-0.5250804099477483,1,52,H5
0.046875,-0.12001573947690264,1,52,H5
0.0546875,0.06902314002211096,-1,52,H5
0.05078125,-0.024408710129819294,1,52,H5
0.052734375,0.02257640286101989,-1,52,H5
0.0517578125,-0.0008485195295528658,1,52,H5
0.05224609375,0.010880807953947719,-1,52,H5
0.052001953125,0.005020366057916559,-1,52,H5
0.0518798828125,0.0020869793853520446,-1,52,H5
0.05181884765625,0.0006194940406927807,-1,52,H5
0.051788330078125,-0.00011444670591703732,1,52,H5
0.0518035888671875,0.0002525401757268453,-1,52,H5
0.05179595947265625,6.905086215042155e-05,-1,52,H5
0.051792144775390625,-2.26968900520208e-05,1,52,H5
0.05179405212402344,2.3177244004413122e-05,-1,52,H5
0.05179309844970703,2.402414653879248e-07,-1,52,H5
0.05179262161254883,-1.1228308170296852e-05,1,52,H5
0.0,-2.071814181619476,1,56,H5
0.5,3.107450662134629,-1,56,H5
0.25,2.0467448006472555,-1,56,H5
0.125,0.6608068087159804,-1,56,H5
0.0625,-0.4851555106606468,1,56,H5
0.09375,0.1355322389927296,-1,56,H5
0.078125,-0.16202215529459,1,56,H5
0.0859375,-0.01015902502416094,1,56,H5
0.08984375,0.06344447950580846,-1,56,H5
0.087890625,0.026833882654093394,-1,56,H5
0.0869140625,0.008385429803842825,-1,56,H5
0.08642578125,-0.0008747707691472983,1,56,H5
0.086669921875,0.003758332899940625,-1,56,H5
0.0865478515625,0.0014425323267877876,-1,56,H5
0.08648681640625,0.0002840686461544617,-1,56,H5
0.086456298828125,-0.000295304088163556,1,56,H5
0.0864715576171875,-5.605978483591567e-06,1,56,H5
0.08647918701171875,0.00013923426936421346,-1,56,H5
0.08647537231445312,6.68148793350476e-05,-1,56,H5
0.08647346496582031,3.060463390089363e-05,-1,56,H5
0.0864725112915039,1.2499373577709583e-05,-1,56,H5
0.0864720344543457,3.4467090143930346e-06,-1,56,H5
0.0,-2.2310883812005766,1,60,H5
0.5,2.9442470976038653,-1,60,H5
0.25,1.7412670123063958,-1,60,H5
0.125,0.37209666759717996,-1,60,H5
0.0625,-0.7261162324516537,1,60,H5
0.09375,-0.13316497593658486,1,60,H5
0.109375,0.12963257809439893,-1,60,H5
0.1015625,0.0008713702660755607,-1,60,H5
0.09765625,-0.06547513054400148,1,60,H5
0.099609375,-0.03213551036976181,1,60,H5
0.1005859375,-0.015590669978247318,1,60,H5
0.10107421875,-0.007349323810963454,1,60,H5
0.101318359375,-0.003236398253280648,1,60,H5
0.1014404296875,-0.0011818697375430842,1,60,H5
0.10150146484375,-0.00015508871841710126,1,60,H5
0.101531982421875,0.00035818102232182403,-1,60,H5
0.1015167236328125,0.0001015562148052318,-1,60,H5
0.10150909423828125,-2.6763736001689242e-05,1,60,H5
0.10151290893554688,3.7396868341393885e-05,-1,60,H5
0.10151100158691406,5.316723405951462e-06,-1,60,H5
0.10151004791259766,-1.0723466988729613e-05,1,60,H5
0.10151052474975586,-2.7033619638128226e-06,1,60,H5
0.0,-2.167191306748648,1,64,H5
0.5,3.0352739657190138,-1,64,H5
0.25,1.9508338346622285,-1,64,H5
0.125,0.5136869276560597,-1,64,H5
0.0625,-0.6326603823430577,1,64,H5
0.09375,-0.01625837158952459,1,64,H5
0.109375,0.25890326954125387,-1,64,H5
0.1015625,0.12394510092017294,-1,64,H5
0.09765625,0.05450861289775644,-1,64,H5
0.095703125,0.019292640999911403,-1,64,H5
0.0947265625,0.0015591664654801551,-1,64,H5
0.09423828125,-0.007339075622708635,1,64,H5
0.094482421875,-0.0028873252204799638,1,64,H5
0.0946044921875,-0.000663422334896524,1,64,H5
0.09466552734375,0.00044803628883594016,-1,64,H5
0.094635009765625,-0.00010765196250600573,1,64,H5
0.0946502685546875,0.0001702024277158709,-1,64,H5
0.09464263916015625,3.127779881545445e-05,-1,64,H5
0.09463882446289062,-3.818644028374951e-05,1,64,H5
0.09464073181152344,-3.454160345250923e-06,1,64,H5
0.09464168548583984,1.3911859332194076e-05,-1,64,H5
0.09464120864868164,5.228859517536488e-06,-1,64,H5
0.0,-2.766485721150825,1,68,H5
0.5,2.4261977380503277,-1,68,H5
0.25,1.2835658689407095,-1,68,H5
0.125,-0.11815321925281297,1,68,H5
0.1875,0.6980221735244503,-1,68,H5
0.15625,0.3232057199832029,-1,68,H5
0.140625,0.11144944002438513,-1,68,H5
0.1328125,-0.001042065331264417,1,68,H5
0.13671875,0.055771110978086694,-1,68,H5
0.134765625,0.027507623041754834,-1,68,H5
0.1337890625,0.013268710297182608,-1,68,H5
0.13330078125,0.006122324945109529,-1,68,H5
0.133056640625,0.0025423828760030055,-1,68,H5
0.1329345703125,0.000750722346540729,-1,68,H5
0.13287353515625,-0.0001455305604433979,1,68,H5
0.132904052734375,0.00030263112123107144,-1,68,H5
0.1328887939453125,7.855908803892919e-05,-1,68,H5
0.13288116455078125,-3.348353421589109e-05,1,68,H5
0.13288497924804688,2.2538327398916036e-05,-1,68,H5
0.13288307189941406,-5.472465785805181e-06,1,68,H5
0.13288402557373047,8.532965211915933e-06,-1,68,H5
0.13288354873657227,1.5302583144805038e-06,-1,68,H5
0.0,-2.7569071754022643,1,72,H5
0.5,2.425587837190073,-1,72,H5
0.25,1.5664344445869465,-1,72,H5
0.125,0.14798272355772898,-1,72,H5
0.0625,-1.065244915436514,1,72,H5
0.09375,-0.4063267283396909,1,72,H5
0.109375,-0.11695621242428633,1,72,H5
0.1171875,0.018464221852092927,-1,72,H5
0.11328125,-0.0484955792955899,1,72,H5
0.115234375,-0.014829671278887097,1,72,H5
0.1162109375,0.0018635786549625888,-1,72,H5
0.11572265625,-0.006471445706249107,1,72,H5
0.115966796875,-0.002301036472658863,1,72,H5
0.1160888671875,-0.00021800503264529647,1,72,H5
0.11614990234375,0.0008229677318451201,-1,72,H5
0.116119384765625,0.00030252658581617076,-1,72,H5
0.1161041259765625,4.227208639519253e-05,-1,72,H5
0.11609649658203125,-8.786364557816784e-05,1,72,H5
0.11610031127929688,-2.2795072716699782e-05,1,72,H5
0.11610221862792969,9.738683556623218e-06,-1,72,H5
0.11610126495361328,-6.528150400572641e-06,1,72,H5
0.11610174179077148,1.6052776229957821e-06,-1,72,H5
0.0,-2.7251930698379683,1,76,H5
0.5,2.493692771767365,-1,76,H5
0.25,1.6426916610693456,-1,76,H5
0.125,0.2260956995757955,-1,76,H5
0.0625,-0.9998809144038693,1,76,H5
0.09375,-0.33265317083857837,1,76,H5
0.109375,-0.040652132573708144,1,76,H5
0.1171875,0.09576702672348002,-1,76,H5
0.11328125,0.02833245544561787,-1,76,H5
0.111328125,-0.005964354473612168,1,76,H5
0.1123046875,0.011232704119035902,-1,76,H5
0.11181640625,0.0026463653488966316,-1,76,H5
0.111572265625,-0.0016559435361965108,1,76,H5
0.1116943359375,0.0004959732383457149,-1,76,H5
0.11163330078125,-0.0005797945128720311,1,76,H5
0.111663818359375,-4.186298488231821e-05,1,76,H5
0.1116790771484375,0.00022706703899787184,-1,76,H5
0.11167144775390625,9.260500522806359e-05,-1,76,H5
0.11166763305664062,2.5371754728539808e-05,-1,76,H5
0.11166572570800781,-8.245428936876076e-06,1,76,H5
0.11166667938232422,8.563209430628715e-06,-1,76,H5
0.11166620254516602,1.5890188098666158e-07,-1,76,H5
0.0,-2.6186780122735436,1,80,H5
0.5,2.585829240010809,-1,80,H5
0.25,1.523638240277832,-1,80,H5
0.125,0.13171165480197977,-1,80,H5
0.0625,-1.0210064242773207,1,80,H5
0.09375,-0.396505723240395,1,80,H5
0.109375,-0.12121250487892844,1,80,H5
0.1171875,0.007944293356735188,-1,80,H5
0.11328125,-0.05594796463048711,1,80,H5
0.115234375,-0.023831871347516076,1,80,H5
0.1162109375,-0.007901493127975223,1,80,H5
0.11669921875,3.194975341822004e-05,-1,80,H5
0.116455078125,-0.003932131239786446,1,80,H5
0.1165771484375,-0.001949431011230629,1,80,H5
0.11663818359375,-0.0009585757433898112,1,80,H5
0.116668701171875,-0.00046327177953947585,1,80,H5
0.1166839599609375,-0.00021565070994064572,1,80,H5
0.11669158935546875,-9.184790257404929e-05,1,80,H5
0.11669540405273438,-2.9948430667697812e-05,1,80,H5
0.11669731140136719,1.0008223511881464e-06,-1,80,H5
0.11669635772705078,-1.4473763913724902e-05,1,80,H5
0.11669683456420898,-6.736460720468962e-06,1,80,H5
0.0,-2.3166461846638224,1,84,H5
0.5,2.8509001292622447,-1,84,H5
0.25,1.7257935889541978,-1,84,H5
0.125,0.3358916118129236,-1,84,H5
0.0625,-0.7860417257545611,1,84,H5
0.09375,-0.18054550275261327,1,84,H5
0.109375,0.08805562692315186,-1,84,H5
0.1015625,-0.043558520059657144,1,84,H5
0.10546875,0.022908630483248177,-1,84,H5
0.103515625,-0.010158496007674787,1,84,H5
0.1044921875,0.006416500034013534,-1,84,H5
0.10400390625,-0.001860617407356116,1,84,H5
0.104248046875,0.00228053365787112,-1,84,H5
0.1041259765625,0.00021060656126029031,-1,84,H5
0.10406494140625,-0.0008248432702990666,1,84,H5
0.104095458984375,-0.0003070778218011577,1,84,H5
0.1041107177734375,-4.822549777447338e-05,1,84,H5
0.10411834716796875,8.119306478163169e-05,-1,84,H5
0.10411453247070312,1.648441677370993e-05,-1,84,H5
0.10411262512207031,-1.58703821815237e-05,1,84,H5
0.10411357879638672,3.0705687580068197e-07,-1,84,H5
0.10411310195922852,-7.781652757540836e-06,1,84,H5
0.0,-2.443918492717091,1,88,H5
0.5,2.774848003326845,-1,88,H5
0.25,1.7505921735824421,-1,88,H5
0.125,0.31619548526908897,-1,88,H5
0.0625,-0.8541316401405316,1,88,H5
0.09375,-0.22263899891364303,1,88,H5
0.109375,0.05765397879998698,-1,88,H5
0.1015625,-0.0796876555773567,1,88,H5
0.10546875,-0.010326511396622221,1,88,H5
0.107421875,0.02383496755960301,-1,88,H5
0.1064453125,0.006797204458325323,-1,88,H5
0.10595703125,-0.0017538883357905467,1,88,H5
0.106201171875,0.002524346712472522,-1,88,H5
0.1060791015625,0.00038590168001913575,-1,88,H5
0.10601806640625,-0.0006838251638441838,1,88,H5
0.106048583984375,-0.00014891970604316573,1,88,H5
0.1060638427734375,0.00011850149531270407,-1,88,H5
0.10605621337890625,-1.5206478203959317e-05,1,88,H5
0.10606002807617188,5.1648165334858276e-05,-1,88,H5
0.10605812072753906,1.8221007761751867e-05,-1,88,H5
0.10605716705322266,1.5073058282633056e-06,-1,88,H5
0.10605669021606445,-6.849575925407803e-06,1,88,H5
0.0,-1.8974484660268902,1,92,H5
0.5,3.2877456393403155,-1,92,H5
0.25,2.3891240681801564,-1,92,H5
0.125,0.9936579959441864,-1,92,H5
0.0625,-0.20680886618608613,1,92,H5
0.09375,0.44644027478683307,-1,92,H5
0.078125,0.1340343764809716,-1,92,H5
0.0703125,-0.03270629342362852,1,92,H5
0.07421875,0.0515682337009169,-1,92,H5
0.072265625,0.009659007461192748,-1,92,H5
0.0712890625,-0.01146638355881835,1,92,H5
0.07177734375,-0.0008894045187938793,1,92,H5
0.072021484375,0.004388368443621671,-1,92,H5
0.0718994140625,0.001750374194029014,-1,92,H5
0.07183837890625,0.0004307079566072125,-1,92,H5
0.071807861328125,-0.00022929249370923221,1,92,H5
0.0718231201171875,0.00010072167733982118,-1,92,H5
0.07181549072265625,-6.428192159196877e-05,1,92,H5
0.07181930541992188,1.8220749506969725e-05,-1,92,H5
0.07181739807128906,-2.3030368132115342e-05,1,92,H5
0.07181835174560547,-2.404754835705347e-06,1,92,H5
0.07181882858276367,7.908010955404166e-06,-1,92,H5
0.0,-1.880958789160777,1,96,H5
0.5,3.27597977690846,-1,96,H5
0.25,2.4671977480698972,-1,96,H5
0.125,1.0719736175927346,-1,96,H5
0.0625,-0.14972166414229254,1,96,H5
0.09375,0.5162988455047435,-1,96,H5
0.078125,0.1980779719841247,-1,96,H5
0.0703125,0.02800584359660703,-1,96,H5
0.06640625,-0.059884320518797426,1,96,H5
0.068359375,-0.015697941348197686,1,96,H5
0.0693359375,0.006214014347277169,-1,96,H5
0.06884765625,-0.004726915128922565,1,96,H5
0.069091796875,0.0007473076272126178,-1,96,H5
0.0689697265625,-0.001988863737247812,1,96,H5
0.06903076171875,-0.0006205431152696284,1,96,H5
0.069061279296875,6.344098295336942e-05,-1,96,H5
0.0690460205078125,-0.0002785363834181126,1,96,H5
0.06905364990234375,-0.00010754402967207144,1,96,H5
0.06905746459960938,-2.205060573429174e-05,1,96,H5
0.06905937194824219,2.06954180140273e-05,-1,96,H5
0.06905841827392578,-6.77536508980614e-07,1,96,H5
0.06905889511108398,1.0008955089790827e-05,-1,96,H5
0.0,-2.6088372969373204,1,100,H5
0.5,2.524991303128246,-1,100,H5
0.25,1.6151311804219028,-1,100,H5
0.125,0.25642600871035465,-1,100,H5
0.0625,-0.9249021010308713,1,100,H5
0.09375,-0.2804442669578011,1,100,H5
0.109375,0.0004189712176439625,-1,100,H5
0.1015625,-0.1367826974352469,1,100,H5
0.10546875,-0.06739002359911611,1,100,H5
0.107421875,-0.03328949739195056,1,100,H5
0.1083984375,-0.016386495725442776,1,100,H5
0.10888671875,-0.007971600296902151,1,100,H5
0.109130859375,-0.003773277779799966,1,100,H5
0.1092529296875,-0.0016763945569231858,1,100,H5
0.10931396484375,-0.0006285220468027694,1,100,H5
0.109344482421875,-0.00010472801614400812,1,100,H5
0.1093597412109375,0.00015713344944950913,-1,100,H5
0.10935211181640625,2.620567894143222e-05,-1,100,H5
0.10934829711914062,-3.9260428014845083e-05,1,100,H5
0.10935020446777344,-6.527189392049881e-06,1,100,H5
0.10935115814208984,9.839291060645405e-06,-1,100,H5
0.10935068130493164,1.6560624060552032e-06,-1,100,H5
0.0,-2.326763677399229,1,104,H5
0.5,2.7650462294516043,-1,104,H5
0.25,1.7992471831851213,-1,104,H5
0.125,0.4510331131521585,-1,104,H5
0.0625,-0.7000950120821392,1,104,H5
0.09375,-0.0735469130510041,1,104,H5
0.109375,0.200532525018524,-1,104,H5
0.1015625,0.06655545478822014,-1,104,H5
0.09765625,-0.002715287378290493,1,104,H5
0.099609375,0.03211333006004244,-1,104,H5
0.0986328125,0.01474756489450374,-1,104,H5
0.09814453125,0.006028303733405585,-1,104,H5
0.097900390625,0.001659553062959493,-1,104,H5
0.0977783203125,-0.0005271054807602371,1,104,H5
0.09783935546875,0.0005664141533654465,-1,104,H5
0.097808837890625,1.970193398796727e-05,-1,104,H5
0.0977935791015625,-0.00025368987307475277,1,104,H5
0.09780120849609375,-0.00011699099457665452,1,104,H5
0.09780502319335938,-4.864378656660451e-05,1,104,H5
0.09780693054199219,-1.447074035898499e-05,1,104,H5
0.0978078842163086,2.6156432968993393e-06,-1,104,H5
0.09780740737915039,-5.927536910657616e-06,1,104,H5
0.0,-2.6363647654723135,1,108,H5
0.5,2.421225648244854,-1,108,H5
0.25,1.4644887896762455,-1,108,H5
0.125,0.11793285689522875,-1,108,H5
0.0625,-1.026524185221299,1,108,H5
0.09375,-0.4042182493228681,1,108,H5
0.109375,-0.13154106278901204,1,108,H5
0.1171875,-0.004012847991161014,1,108,H5
0.12109375,0.057644511394512224,-1,108,H5
0.119140625,0.026988606923085058,-1,108,H5
0.1181640625,0.011531280626627404,-1,108,H5
0.11767578125,0.0037700926085371036,-1,108,H5
0.117431640625,-0.0001186553634449361,1,108,H5
0.1175537109375,0.001826398797390081,-1,108,H5
0.11749267578125,0.0008540418115595277,-1,108,H5
0.117462158203125,0.0003677357540649521,-1,108,H5
0.1174468994140625,0.00012455082860706942,-1,108,H5
0.11743927001953125,2.950391004733627e-06,-1,108,H5
0.11743545532226562,-5.7851821601962936e-05,1,108,H5
0.11743736267089844,-2.7450549145387193e-05,1,108,H5
0.11743831634521484,-1.2250037532258659e-05,1,108,H5
0.11743879318237305,-4.649812879238546e-06,1,108,H5
0.0,-2.661669726436561,1,112,H5
0.5,2.3878860228941408,-1,112,H5
0.25,1.5692466438711115,-1,112,H5
0.125,0.19964857463664973,-1,112,H5
0.0625,-0.988058269785653,1,112,H5
0.09375,-0.3414598326608596,1,112,H5
0.109375,-0.0586311187380803,1,112,H5
0.1171875,0.07346854597907289,-1,112,H5
0.11328125,0.008172044904898035,-1,112,H5
0.111328125,-0.02503951253981937,1,112,H5
0.1123046875,-0.008386440042144505,1,112,H5
0.11279296875,-9.540058796876638e-05,1,112,H5
0.113037109375,0.00404126810051493,-1,112,H5
0.1129150390625,0.001973670654461454,-1,112,H5
0.11285400390625,0.0009393193093967245,-1,112,H5
0.112823486328125,0.0004220054362029657,-1,112,H5
0.1128082275390625,0.0001633139437957204,-1,112,H5
0.11280059814453125,3.395955793421279e-05,-1,112,H5
0.11279678344726562,-3.0719794999509165e-05,1,112,H5
0.11279869079589844,1.6200614699340976e-06,-1,112,H5
0.11279773712158203,-1.4549821763937265e-05,1,112,H5
0.11279821395874023,-6.464868896480236e-06,1,112,H5
0.0,-2.6255875779505295,1,116,H5
0.5,2.3602145918271566,-1,116,H5
0.25,1.4938208983116517,-1,116,H5
0.125,0.13033884390724643,-1,116,H5
0.0625,-1.0238878553605384,1,116,H5
0.09375,-0.39780883564439967,1,116,H5
0.109375,-0.12229354147243922,1,116,H5
0.1171875,0.006787215952898884,-1,116,H5
0.11328125,-0.05705022928745006,1,116,H5
0.115234375,-0.02495725861957064,1,116,H5
0.1162109375,-0.00904164399455884,1,116,H5
0.11669921875,-0.001116392708520833,1,116,H5
0.116943359375,0.0028381140763204388,-1,116,H5
0.1168212890625,0.0008615366565041527,-1,116,H5
0.11676025390625,-0.0001272589879584493,1,116,H5
0.116790771484375,0.0003671810881722623,-1,116,H5
0.1167755126953125,0.00011997161428351638,-1,116,H5
0.11676788330078125,-3.6410457056115786e-06,1,116,H5
0.11677169799804688,5.8165944560803484e-05,-1,116,H5
0.11676979064941406,2.7262614497064463e-05,-1,116,H5
0.11676883697509766,1.1810825662920965e-05,-1,116,H5
0.11676836013793945,4.08490029577685e-06,-1,116,H5
0.0,-2.6768714326075167,1,120,H5
0.5,2.3357547574837256,-1,120,H5
0.25,1.330246016052239,-1,120,H5
0.125,-0.030795693242164093,1,120,H5
0.1875,0.7687548627461009,-1,120,H5
0.15625,0.4033030567066307,-1,120,H5
0.140625,0.19545639267695608,-1,120,H5
0.1328125,0.08471217883616175,-1,120,H5
0.12890625,0.027564064939941277,-1,120,H5
0.126953125,-0.0014630489759704934,1,120,H5
0.1279296875,0.013088534940130209,-1,120,H5
0.12744140625,0.005822270224037682,-1,120,H5
0.127197265625,0.0021819950007807842,-1,120,H5
0.1270751953125,0.00036006942759034266,-1,120,H5
0.12701416015625,-0.0005513406302557339,1,120,H5
0.127044677734375,-9.559832036676319e-05,1,120,H5
0.1270599365234375,0.00013224487322618939,-1,120,H5
0.12705230712890625,1.8325606411684348e-05,-1,120,H5
0.12704849243164062,-3.863577447255073e-05,1,120,H5
0.12705039978027344,-1.0154938405351754e-05,1,120,H5
0.12705135345458984,4.08537040916257e-06,-1,120,H5
0.12705087661743164,-3.034774896507053e-06,1,120,H5
0.0,-2.0565476581700404,1,124,H5
0.5,2.863626865441094,-1,124,H5
0.25,1.946900353852195,-1,124,H5
0.125,0.6286415865864815,-1,124,H5
0.0625,-0.48952344511056184,1,124,H5
0.09375,0.11805079986913297,-1,124,H5
0.078125,-0.17272396917272415,1,124,H5
0.0859375,-0.02419842560898261,1,124,H5
0.08984375,0.047696694614126456,-1,124,H5
0.087890625,0.011943500683538597,-1,124,H5
0.0869140625,-0.00607865222081648,1,124,H5
0.08740234375,0.0029445993973043344,-1,124,H5
0.087158203125,-0.0015639791995485514,1,124,H5
0.0872802734375,0.0006910714741148044,-1,124,H5
0.08721923828125,-0.0004362634654447306,1,124,H5
0.087249755859375,0.00012745159696939123,-1,124,H5
0.0872344970703125,-0.00015439403524378226,1,124,H5
0.08724212646484375,-1.3468244493358705e-05,1,124,H5
0.08724594116210938,5.699241988627035e-05,-1,124,H5
0.08724403381347656,2.1762273610101412e-05,-1,124,H5
0.08724308013916016,4.147061036990918e-06,-1,124,H5
0.08724260330200195,-4.66058010832604e-06,1,124,H5
0.0,-1.8618932878070724,1,128,H5
0.5,3.049392015954469,-1,128,H5
0.25,2.0427438893917196,-1,128,H5
0.125,0.7350190747592007,-1,128,H5
0.0625,-0.351179765988073,1,128,H5
0.09375,0.23770574121444754,-1,128,H5
0.078125,-0.04444116606800193,1,128,H5
0.0859375,0.09959645674249382,-1,128,H5
0.08203125,0.02833218026334755,-1,128,H5
0.080078125,-0.007864152512230535,1,128,H5
0.0810546875,0.010281384738890884,-1,128,H5
0.08056640625,0.0012204855519256236,-1,128,H5
0.080322265625,-0.0033188627752189642,1,128,H5
0.0804443359375,-0.0010484463537939193,1,128,H5
0.08050537109375,8.62051112503065e-05,-1,128,H5
0.080474853515625,-0.0004810742366918447,1,128,H5
0.0804901123046875,-0.0001974229673924327,1,128,H5
0.08049774169921875,-5.560602934126524e-05,1,128,H5
0.08050155639648438,1.5300265624490494e-05,-1,128,H5
0.08049964904785156,-2.015270068958519e-05,1,128,H5
0.08050060272216797,-2.426172240693747e-06,1,128,H5
0.08050107955932617,6.437058014910346e-06,-1,128,H5
0.0,-2.4763485527019764,1,132,H5
0.5,2.4508302755492855,-1,132,H5
0.25,1.5386067269441237,-1,132,H5
0.125,0.18669742096226977,-1,132,H5
0.0625,-0.9359354154970727,1,132,H5
0.09375,-0.3286699047652578,1,132,H5
0.109375,-0.06022233503168409,1,132,H5
0.1171875,0.06584168863852655,-1,132,H5
0.11328125,0.0034714109310683694,-1,132,H5
0.111328125,-0.028208677763476755,1,132,H5
0.1123046875,-0.012327106797370688,1,132,H5
0.11279296875,-0.004417487406686807,1,132,H5
0.113037109375,-0.0004704507438947625,1,132,H5
0.1131591796875,0.001501126637560815,-1,132,H5
0.11309814453125,0.0005154996240054749,-1,132,H5
0.113067626953125,2.2564864496449344e-05,-1,132,H5
0.1130523681640625,-0.00022393283294513955,1,132,H5
0.11305999755859375,-0.00010068145761601976,1,132,H5
0.11306381225585938,-3.9057664917629964e-05,1,132,H5
0.11306571960449219,-8.246242301473972e-06,1,132,H5
0.1130666732788086,7.159350574978407e-06,-1,132,H5
0.11306619644165039,-5.43435993982655e-07,1,132,H5
0.0,-2.5219649525535353,1,136,H5
0.5,2.4047984432751908,-1,136,H5
0.25,1.4428392767983642,-1,136,H5
0.125,0.11142380401566727,-1,136,H5
0.0625,-0.9943273513219846,1,136,H5
0.09375,-0.3955135643324984,1,136,H5
0.109375,-0.13133755618274082,1,136,H5
0.1171875,-0.007372920820186882,1,136,H5
0.12109375,0.05266008044698723,-1,136,H5
0.119140625,0.02280364683885014,-1,136,H5
0.1181640625,0.007755556675588637,-1,136,H5
0.11767578125,0.0002013885204765753,-1,136,H5
0.117431640625,-0.0035832457257227307,1,136,H5
0.1175537109375,-0.0016902988437569114,1,136,H5
0.11761474609375,-0.0007442977653044705,1,136,H5
0.117645263671875,-0.00027141527875160915,1,136,H5
0.1176605224609375,-3.5003543899431167e-05,1,136,H5
0.11766815185546875,8.319494701338609e-05,-1,136,H5
0.11766433715820312,2.409631624868125e-05,-1,136,H5
0.11766242980957031,-5.4534601512321035e-06,1,136,H5
0.11766338348388672,9.32146646717702e-06,-1,136,H5
0.11766290664672852,1.9340127625777637e-06,-1,136,H5
0.0,-2.6240731124185874,1,140,H5
0.5,2.2655765143161575,-1,140,H5
0.25,1.4117785413807946,-1,140,H5
0.125,0.09386149889466826,-1,140,H5
0.0625,-1.0361699577373167,1,140,H5
0.09375,-0.4215705318596792,1,140,H5
0.109375,-0.15232969785896908,1,140,H5
0.1171875,-0.026456755219212272,1,140,H5
0.12109375,0.034384030351258185,-1,140,H5
0.119140625,0.004135623451292328,-1,140,H5
0.1181640625,-0.01111737183519746,1,140,H5
0.11865234375,-0.003480100429364183,1,140,H5
0.118896484375,0.0003304518625029951,-1,140,H5
0.1187744140625,-0.0015741513096120818,1,140,H5
0.11883544921875,-0.0006216815283542482,1,140,H5
0.118865966796875,-0.00014557279015638136,1,140,H5
0.1188812255859375,9.245004611212193e-05,-1,140,H5
0.11887359619140625,-2.6558744443350157e-05,1,140,H5
0.11887741088867188,3.294630771719098e-05,-1,140,H5
0.11887550354003906,3.1939458590701797e-06,-1,140,H5
0.11887454986572266,-1.1682358236342338e-05,1,140,H5
0.11887502670288086,-4.244195924721361e-06,1,140,H5
0.0,-2.547101581990927,1,144,H5
0.5,2.3682570371881786,-1,144,H5
0.25,1.5927034750726616,-1,144,H5
0.125,0.27295107375026356,-1,144,H5
0.0625,-0.8896864841649609,1,144,H5
0.09375,-0.2550509182172816,1,144,H5
0.109375,0.02131131764506554,-1,144,H5
0.1015625,-0.11366267466970661,1,144,H5
0.10546875,-0.045388754659616615,1,144,H5
0.107421875,-0.011843822173332172,1,144,H5
0.1083984375,0.004782243890570692,-1,144,H5
0.10791015625,-0.0035186366738997332,1,144,H5
0.108154296875,0.0006348381677170195,-1,144,H5
0.1080322265625,-0.001441140168803104,1,144,H5
0.10809326171875,-0.0004029612850416642,1,144,H5
0.108123779296875,0.00011598586326802551,-1,144,H5
0.1081085205078125,-0.00014347585453607092,1,144,H5
0.10811614990234375,-1.3742031654842557e-05,1,144,H5
0.10811996459960938,5.1122656787985776e-05,-1,144,H5
0.10811805725097656,1.8690497813597662e-05,-1,144,H5
0.10811710357666016,2.474279391387335e-06,-1,144,H5
0.10811662673950195,-5.6338645537112875e-06,1,144,H5
0.0,-2.2981760871237835,1,148,H5
0.5,2.624199288430039,-1,148,H5
0.25,1.7235319012156265,-1,148,H5
0.125,0.4067611574722302,-1,148,H5
0.0625,-0.7171787337904624,1,148,H5
0.09375,-0.10590961985176843,1,148,H5
0.109375,0.16186115514137212,-1,148,H5
0.1015625,0.03094197739411092,-1,148,H5
0.09765625,-0.03672852063862851,1,148,H5
0.099609375,-0.0027061798141625876,1,148,H5
0.1005859375,0.014164456377051299,-1,148,H5
0.10009765625,0.00574080454086956,-1,148,H5
0.099853515625,0.001520232291107912,-1,148,H5
0.0997314453125,-0.0005922433589093251,1,148,H5
0.09979248046875,0.00046417701415495116,-1,148,H5
0.099761962890625,-6.398752878973568e-05,1,148,H5
0.0997772216796875,0.0002001061527576592,-1,148,H5
0.09976959228515625,6.806216460587822e-05,-1,148,H5
0.09976577758789062,2.0380310764012144e-06,-1,148,H5
0.09976387023925781,-3.097457056300268e-05,1,148,H5
0.09976482391357422,-1.4468225170358173e-05,1,148,H5
0.09976530075073242,-6.215085903774065e-06,1,148,H5
0.0,-2.232787224473768,1,152,H5
0.5,2.6738948439995984,-1,152,H5
0.25,1.653462275857724,-1,152,H5
0.125,0.3632415613854161,-1,152,H5
0.0625,-0.7166554325827421,1,152,H5
0.09375,-0.13005470321479373,1,152,H5
0.109375,0.1273670687868798,-1,152,H5
0.1015625,0.0014567237363110191,-1,152,H5
0.09765625,-0.06358511527385462,1,152,H5
0.099609375,-0.030887460284786145,1,152,H5
0.1005859375,-0.014671399662454593,1,152,H5
0.10107421875,-0.006596372631447439,1,152,H5
0.101318359375,-0.0025670864619572603,1,152,H5
0.1014404296875,-0.0005544972844969548,1,152,H5
0.10150146484375,0.0004512841932499262,-1,152,H5
0.101470947265625,-5.1563797259152055e-05,1,152,H5
0.1014862060546875,0.00019987088427061983,-1,152,H5
0.10147857666015625,7.415621517657678e-05,-1,152,H5
0.10147476196289062,1.1296876889263507e-05,-1,152,H5
0.10147285461425781,-2.0133293200524927e-05,1,152,H5
0.10147380828857422,-4.418166409642099e-06,1,152,H5
0.10147428512573242,3.4393656762471414e-06,-1,152,H5
0.0,-2.4963195352771668,1,156,H5
0.5,2.4146633979723293,-1,156,H5
0.25,1.472766098326153,-1,156,H5
0.125,0.17025296592903433,-1,156,H5
0.0625,-0.9366919907736353,1,156,H5
0.09375,-0.33461917192023743,1,156,H5
0.109375,-0.07093685178486034,1,156,H5
0.1171875,0.05236220630301757,-1,156,H5
0.11328125,-0.008598100870542302,1,156,H5
0.115234375,0.02205269514760945,-1,156,H5
0.1142578125,0.006770164685302768,-1,156,H5
0.11376953125,-0.0009032252564464133,1,156,H5
0.114013671875,0.0029361521761142595,-1,156,H5
0.1138916015625,0.0010171344809456195,-1,156,H5
0.11383056640625,5.712241825888559e-05,-1,156,H5
0.113800048828125,-0.0004230094612489299,1,156,H5
0.1138153076171875,-0.00018293303282666817,1,156,H5
0.11382293701171875,-6.290268521597087e-05,1,156,H5
0.11382675170898438,-2.889477973819221e-06,1,156,H5
0.11382865905761719,2.711663401696457e-05,-1,156,H5
0.11382770538330078,1.2113618990033936e-05,-1,156,H5
0.11382722854614258,4.612080750282521e-06,-1,156,H5
0.0,-2.56891306945511,1,160,H5
0.5,2.362698842750463,-1,160,H5
0.25,1.6066885751453457,-1,160,H5
0.125,0.292723122482779,-1,160,H5
0.0625,-0.8806093897546212,1,160,H5
0.09375,-0.23874105485859362,1,160,H5
0.109375,0.03975469897044484,-1,160,H5
0.1015625,-0.09617729979414805,1,160,H5
0.10546875,-0.027398235203848015,1,160,H5
0.107421875,0.006379535224988256,-1,160,H5
0.1064453125,-0.010458779896480003,1,160,H5
0.10693359375,-0.002027010414041769,1,160,H5
0.107177734375,0.0021794115667817943,-1,160,H5
0.1070556640625,7.698834381592023e-05,-1,160,H5
0.10699462890625,-0.0009748140335881644,1,160,H5
0.107025146484375,-0.0004488636019635006,1,160,H5
0.1070404052734375,-0.00018592531927559552,1,160,H5
0.10704803466796875,-5.4465410396803415e-05,1,160,H5
0.10705184936523438,1.1262236028292127e-05,-1,160,H5
0.10704994201660156,-2.1601394852632794e-05,1,160,H5
0.10705089569091797,-5.169531329632382e-06,1,160,H5
0.10705137252807617,3.046364369860277e-06,-1,160,H5
0.0,-2.6002178744126927,1,164,H5
0.5,2.3303217033319914,-1,164,H5
0.25,1.5646517907633273,-1,164,H5
0.125,0.21535254442887294,-1,164,H5
0.0625,-0.9556528111813669,1,164,H5
0.09375,-0.3184840304913775,1,164,H5
0.109375,-0.039511399951767515,1,164,H5
0.1171875,0.09083104394139124,-1,164,H5
0.11328125,0.026400126499864923,-1,164,H5
0.111328125,-0.00636895720342788,1,164,H5
0.1123046875,0.010062053314593075,-1,164,H5
0.11181640625,0.00185819032446366,-1,164,H5
0.111572265625,-0.0022524697301499336,1,164,H5
0.1116943359375,-0.00019641166846723346,1,164,H5
0.11175537109375,0.0008310712874895765,-1,164,H5
0.111724853515625,0.00031737530552104765,-1,164,H5
0.1117095947265625,6.049319329651248e-05,-1,164,H5
0.11170196533203125,-6.795639379737761e-05,1,164,H5
0.11170578002929688,-3.7308893151982714e-06,1,164,H5
0.11170768737792969,2.8381329722715343e-05,-1,164,H5
0.11170673370361328,1.23252646369032e-05,-1,164,H5
0.11170625686645508,4.29719876929302e-06,-1,164,H5
0.0,-2.5003771760139792,1,168,H5
0.5,2.3989558373435305,-1,168,H5
0.25,1.5435037709536494,-1,168,H5
0.125,0.2430573816986824,-1,168,H5
0.0625,-0.8885963685307768,1,168,H5
0.09375,-0.2713017499224162,1,168,H5
0.109375,-0.0022218698478877474,1,168,H5
0.1171875,0.12327802146833447,-1,168,H5
0.11328125,0.06125723215585774,-1,168,H5
0.111328125,0.029701754174022148,-1,168,H5
0.1103515625,0.013786184838617536,-1,168,H5
0.10986328125,0.005793746306459804,-1,168,H5
0.109619140625,0.00178883895544861,-1,168,H5
0.1094970703125,-0.00021578982390393214,1,168,H5
0.10955810546875,0.0007867059162384935,-1,168,H5
0.109527587890625,0.0002855033906719942,-1,168,H5
0.1095123291015625,3.4868120371102374e-05,-1,168,H5
0.10950469970703125,-9.04580174120595e-05,1,168,H5
0.10950851440429688,-2.7794239945463928e-05,1,168,H5
0.10951042175292969,3.537117355262298e-06,-1,168,H5
0.10950946807861328,-1.2128517009331319e-05,1,168,H5
0.10950994491577148,-4.295688755803773e-06,1,168,H5
0.0,-2.301355193399794,1,172,H5
0.5,2.590354051023654,-1,172,H5
0.25,1.5676729693457339,-1,172,H5
0.125,0.2741389766342621,-1,172,H5
0.0625,-0.8009506840637881,1,172,H5
0.09375,-0.21773602651618823,1,172,H5
0.109375,0.0387705199934059,-1,172,H5
0.1015625,-0.08673819714036236,1,172,H5
0.10546875,-0.023310716166754064,1,172,H5
0.107421875,0.007896575721152155,-1,172,H5
0.1064453125,-0.0076652018213529405,1,172,H5
0.10693359375,0.00012612900049496778,-1,172,H5
0.106689453125,-0.003766922770069403,1,172,H5
0.1068115234375,-0.0018197438658805742,1,172,H5
0.10687255859375,-0.000846644226844967,1,172,H5
0.106903076171875,-0.0003602168178217513,1,172,H5
0.1069183349609375,-0.00011703371058879863,1,172,H5
0.10692596435546875,4.550194376257144e-06,-1,172,H5
0.10692214965820312,-5.6241120738542705e-05,1,172,H5
0.10692405700683594,-2.5845303840615896e-05,1,172,H5
0.10692501068115234,-1.0647514897293986e-05,1,172,H5
0.10692548751831055,-3.048650301901157e-06,1,172,H5
0.0,-2.0083640518329213,1,176,H5
0.5,2.863709518284569,-1,176,H5
0.25,1.7897826047662542,-1,176,H5
0.125,0.47041092451799027,-1,176,H5
0.0625,-0.5833871219014098,1,176,H5
0.09375,-0.015779400189361414,1,176,H5
0.109375,0.23683863450582715,-1,176,H5
0.1015625,0.11298971023518675,-1,176,H5
0.09765625,0.049230307588923106,-1,176,H5
0.095703125,0.01688302115984007,-1,176,H5
0.0947265625,0.000591363093368949,-1,176,H5
0.09423828125,-0.007584110251117951,1,176,H5
0.094482421875,-0.0034938990250840685,1,176,H5
0.0946044921875,-0.0014506496422598686,1,176,H5
0.09466552734375,-0.0004294887328898378,1,176,H5
0.094696044921875,8.097581071141169e-05,-1,176,H5
0.0946807861328125,-0.0001742468028567562,1,176,H5
0.09468841552734375,-4.6633081591543335e-05,1,176,H5
0.09469223022460938,1.717196817059563e-05,-1,176,H5
0.09469032287597656,-1.4730405806503977e-05,1,176,H5
0.09469127655029297,1.2208189078266596e-06,-1,176,H5
0.09469079971313477,-6.754784017626303e-06,1,176,H5
0.0,-2.059538764847107,1,180,H5
0.5,2.7787339610869557,-1,180,H5
0.25,1.8707580589995105,-1,180,H5
0.125,0.5786694542297823,-1,180,H5
0.0625,-0.5186399554154728,1,180,H5
0.09375,0.07783727255786674,-1,180,H5
0.078125,-0.20755597631776573,1,180,H5
0.0859375,-0.06176303889218211,1,180,H5
0.08984375,0.008797155756127994,-1,180,H5
0.087890625,-0.026291191881182632,1,180,H5
0.0888671875,-0.008699299065418713,1,180,H5
0.08935546875,6.083087311417601e-05,-1,180,H5
0.089111328125,-0.004316255065157926,1,180,H5
0.0892333984375,-0.0021269677633821427,1,180,H5
0.08929443359375,-0.0010328824150924176,1,180,H5
0.089324951171875,-0.00048597927011778674,1,180,H5
0.0893402099609375,-0.00021256257411342294,1,180,H5
0.08934783935546875,-7.586294450619147e-05,1,180,H5
0.08935165405273438,-7.515309210739951e-06,1,180,H5
0.08935356140136719,2.6657963571555254e-05,-1,180,H5
0.08935260772705078,9.571372585517879e-06,-1,180,H5
0.08935213088989258,1.0280430385867234e-06,-1,180,H5
0.0,-1.5043464001674713,1,184,H5
0.5,3.3073054465034826,-1,184,H5
0.25,2.4934369582923037,-1,184,H5
0.125,1.214471669353264,-1,184,H5
0.0625,0.09449610362296056,-1,184,H5
0.03125,-0.6360745055029315,1,184,H5
0.046875,-0.2547772207017021,1,184,H5
0.0546875,-0.0762807309657022,1,184,H5
0.05859375,0.010055168642583517,-1,184,H5
0.056640625,-0.03287374485854504,1,184,H5
0.0576171875,-0.011349800904539187,1,184,H5
0.05810546875,-0.0006324782127395956,1,184,H5
0.058349609375,0.004715050465481818,-1,184,H5
0.0582275390625,0.002042212967353546,-1,184,H5
0.05816650390625,0.0007050991536200618,-1,184,H5
0.058135986328125,3.636842277816854e-05,-1,184,H5
0.0581207275390625,-0.00029804040586353664,1,184,H5
0.05812835693359375,-0.00013083236939238907,1,184,H5
0.058132171630859375,-4.723106778604935e-05,1,184,H5
0.05813407897949219,-5.431096125718682e-06,1,184,H5
0.058135032653808594,1.5468719921071794e-05,-1,184,H5
0.05813455581665039,5.018826046296332e-06,-1,184,H5
0.0,-1.8376529190625284,1,188,H5
0.5,2.9833277296842726,-1,188,H5
0.25,2.180278861047441,-1,188,H5
0.125,0.8734062034265506,-1,188,H5
0.0625,-0.2535548963762083,1,188,H5
0.09375,0.3595643472006037,-1,188,H5
0.078125,0.06629301576786566,-1,188,H5
0.0703125,-0.09019402136980335,1,188,H5
0.07421875,-0.01110585842937524,1,188,H5
0.076171875,0.027802936845634244,-1,188,H5
0.0751953125,0.008401103217973091,-1,188,H5
0.07470703125,-0.0013392084665379833,1,188,H5
0.074951171875,0.0035342361399115646,-1,188,H5
0.0748291015625,0.0010983364675904855,-1,188,H5
0.07476806640625,-0.00012023028674673641,1,188,H5
0.074798583984375,0.000489104511727595,-1,188,H5
0.0747833251953125,0.00018444996867623964,-1,188,H5
0.07477569580078125,3.211305511849338e-05,-1,188,H5
0.07477188110351562,-4.405781226210492e-05,1,188,H5
0.07477378845214844,-5.97217768544267e-06,1,188,H5
0.07477474212646484,1.3070488937921843e-05,-1,188,H5
0.07477426528930664,3.5491681817656495e-06,-1,188,H5
0.0,-2.3798720874749755,1,192,H5
0.5,2.4709734499954394,-1,192,H5
0.25,1.5987983120010656,-1,192,H5
0.125,0.290400638810867,-1,192,H5
0.0625,-0.8225372551778957,1,192,H5
0.09375,-0.21787965787483993,1,192,H5
0.109375,0.047468668676468886,-1,192,H5
0.1015625,-0.0823020247657759,1,192,H5
0.10546875,-0.01670369962020917,1,192,H5
0.107421875,0.015559136621527664,-1,192,H5
0.1064453125,-0.0005279202376749573,1,192,H5
0.10693359375,0.007526673676083284,-1,192,H5
0.106689453125,0.0035021461909297558,-1,192,H5
0.1065673828125,0.0014878057324258787,-1,192,H5
0.10650634765625,0.00048011598482648743,-1,192,H5
0.106475830078125,-2.385881099765952e-05,1,192,H5
0.1064910888671875,0.00022813941501281798,-1,192,H5
0.10648345947265625,0.00010214300912683716,-1,192,H5
0.10647964477539062,3.914277585630524e-05,-1,192,H5
0.10647773742675781,7.642151628343974e-06,-1,192,H5
0.1064767837524414,-8.108287384442359e-06,1,192,H5
0.10647726058959961,-2.3305730294936877e-07,1,192,H5
0.0,-2.276436746952986,1,196,H5
0.5,2.528364756576427,-1,196,H5
0.25,1.6391597405161888,-1,196,H5
0.125,0.3373538610145527,-1,196,H5
0.0625,-0.7569966788501594,1,196,H5
0.09375,-0.16353177044846778,1,196,H5
0.109375,0.09770059380793178,-1,196,H5
0.1015625,-0.030123443784012285,1,196,H5
0.10546875,0.034474576852634595,-1,196,H5
0.103515625,0.0023485593004587066,-1,196,H5
0.1025390625,-0.013844006468320083,1,196,H5
0.10302734375,-0.005736888135048447,1,196,H5
0.103271484375,-0.0016914584877899333,1,196,H5
0.1033935546875,0.0003292265223766022,-1,196,H5
0.10333251953125,-0.000680946907915779,1,196,H5
0.103363037109375,-0.0001758179297949164,1,196,H5
0.1033782958984375,7.671486131926447e-05,-1,196,H5
0.10337066650390625,-4.9548892891486396e-05,1,196,H5
0.10337448120117188,1.358364453907246e-05,-1,196,H5
0.10337257385253906,-1.7982459093138226e-05,1,196,H5
0.10337352752685547,-2.199366006573611e-06,1,196,H5
0.10337400436401367,5.692149584082817e-06,-1,196,H5
0.0,-2.3075547057851935,1,200,H5
0.5,2.4742133693598425,-1,200,H5
0.25,1.6222315928957198,-1,200,H5
0.125,0.3641400207648299,-1,200,H5
0.0625,-0.7344797546390571,1,200,H5
0.09375,-0.13456892684476518,1,200,H5
0.109375,0.12645441778112868,-1,200,H5
0.1015625,-0.0010219080117303408,1,200,H5
0.10546875,0.06346004763072581,-1,200,H5
0.103515625,0.03140688093028343,-1,200,H5
0.1025390625,0.015239673635194278,-1,200,H5
0.10205078125,0.007120709001088977,-1,200,H5
0.101806640625,0.00305236072244627,-1,200,H5
0.1016845703125,0.0010159668727290697,-1,200,H5
0.10162353515625,-2.7853825807951094e-06,1,200,H5
0.101654052734375,0.0005066370346054651,-1,200,H5
0.1016387939453125,0.0002519373992952295,-1,200,H5
0.10163116455078125,0.00012457890179012193,-1,200,H5
0.10162734985351562,6.0897482976853684e-05,-1,200,H5
0.10162544250488281,2.9056231042864922e-05,-1,200,H5
0.1016244888305664,1.3135469442392134e-05,-1,200,H5
0.1016240119934082,5.17505473398433e-06,-1,200,H5
0.0,-2.0945859014189536,1,204,H5
0.5,2.6649858415795795,-1,204,H5
0.25,1.8812184913095173,-1,204,H5
0.125,0.614816552954589,-1,204,H5
0.0625,-0.4999799511814242,1,204,H5
0.09375,0.10887227841964853,-1,204,H5
0.078125,-0.18169852712954146,1,204,H5
0.0859375,-0.03307768086249695,1,204,H5
0.08984375,0.03871550388117924,-1,204,H5
0.087890625,0.0030254024597921036,-1,204,H5
0.0869140625,-0.014974272497388141,1,204,H5
0.08740234375,-0.005961498906085369,1,204,H5
0.087646484375,-0.0014648180094672392,1,204,H5
0.0877685546875,0.0007810993021390156,-1,204,H5
0.08770751953125,-0.0003416575248808146,1,204,H5
0.087738037109375,0.00021977133838121943,-1,204,H5
0.0877227783203125,-6.093047988139921e-05,1,204,H5
0.08773040771484375,7.942358247584047e-05,-1,204,H5
0.08772659301757812,9.247339618184691e-06,-1,204,H5
0.08772468566894531,-2.5841373049478866e-05,1,204,H5
0.08772563934326172,-8.296967445364789e-06,1,204,H5
0.08772611618041992,4.751984044454316e-07,-1,204,H5
0.0,-2.4649200261608653,1,208,H5
0.5,2.3074430814920337,-1,208,H5
0.25,1.4351247672037297,-1,208,H5
0.125,0.19871744842665165,-1,208,H5
0.0625,-0.8900044291572143,1,208,H5
0.09375,-0.2942383797518754,1,208,H5
0.109375,-0.03596009467024966,1,208,H5
0.1171875,0.08420450328474638,-1,208,H5
0.11328125,0.02484388544767674,-1,208,H5
0.111328125,-0.005375754487475459,1,208,H5
0.1123046875,0.00977941057817841,-1,208,H5
0.11181640625,0.0022131945485820426,-1,208,H5
0.111572265625,-0.0015784345584605175,1,208,H5
0.1116943359375,0.0003180908743657951,-1,208,H5
0.11163330078125,-0.0006299940630591638,1,208,H5
0.111663818359375,-0.00015590715699617674,1,208,H5
0.1116790771484375,8.110296709773479e-05,-1,208,H5
0.11167144775390625,-3.7399317730474335e-05,1,208,H5
0.11167526245117188,2.185251897399154e-05,-1,208,H5
0.11167335510253906,-7.77322580344797e-06,1,208,H5
0.11167430877685547,7.039689978366459e-06,-1,208,H5
0.11167383193969727,-3.6675706444055933e-07,1,208,H5
0.0,-2.1062365019009603,1,212,H5
0.5,2.6785782919453496,-1,212,H5
0.25,1.6729257456510016,-1,212,H5
0.125,0.4141643732773842,-1,212,H5
0.0625,-0.6355043274904641,1,212,H5
0.09375,-0.06561410384847738,1,212,H5
0.109375,0.1846832558239287,-1,212,H5
0.1015625,0.062239708139395875,-1,212,H5
0.09765625,-0.0009976936105926953,1,212,H5
0.099609375,0.030791715595886768,-1,212,H5
0.0986328125,0.014939895594217961,-1,212,H5
0.09814453125,0.006981848164766324,-1,212,H5
0.097900390625,0.0029947673283253207,-1,212,H5
0.0977783203125,0.0009992097792497212,-1,212,H5
0.09771728515625,9.263653915209114e-07,-1,212,H5
0.097686767578125,-0.0004983415459626633,1,212,H5
0.0977020263671875,-0.00024869707192264057,1,212,H5
0.09770965576171875,-0.00012388272377446274,1,212,H5
0.09771347045898438,-6.147752183102706e-05,1,212,H5
0.09771537780761719,-3.0275413881120095e-05,1,212,H5
0.0977163314819336,-1.467448316021247e-05,1,212,H5
0.0977168083190918,-6.874048613117467e-06,1,212,H5
0.0,-2.1738999636830343,1,216,H5
0.5,2.6144857597545395,-1,216,H5
0.25,1.7934242124994073,-1,216,H5
0.125,0.5051131749290152,-1,216,H5
0.0625,-0.6063241653216633,1,216,H5
0.09375,-0.0012937240367750652,1,216,H5
0.109375,0.26336134523557875,-1,216,H5
0.1015625,0.13400256456331483,-1,216,H5
0.09765625,0.06711015721965127,-1,216,H5
0.095703125,0.033098864516914094,-1,216,H5
0.0947265625,0.015950447699453738,-1,216,H5
0.09423828125,0.007340358210426286,-1,216,H5
0.093994140625,0.0030263195633543627,-1,216,H5
0.0938720703125,0.0008670488054529912,-1,216,H5
0.09381103515625,-0.00021314980222184032,1,216,H5
0.093841552734375,0.00032699644836206576,-1,216,H5
0.0938262939453125,5.693506058322695e-05,-1,216,H5
0.09381866455078125,-7.810443633765596e-05,1,216,H5
0.09382247924804688,-1.0583954269421936e-05,1,216,H5
0.09382438659667969,2.3175736557190518e-05,-1,216,H5
0.09382343292236328,6.295936993971907e-06,-1,216,H5
0.09382295608520508,-2.143997175213519e-06,1,216,H5
0.0,-2.3850923727327844,1,220,H5
0.5,2.415748382117413,-1,220,H5
0.25,1.5457208068544128,-1,220,H5
0.125,0.3047053606726789,-1,220,H5
0.0625,-0.7928569393055007,1,220,H5
0.09375,-0.19184419502821476,1,220,H5
0.109375,0.06841216607549844,-1,220,H5
0.1015625,-0.05859134856004396,1,220,H5
0.10546875,0.005675094189900906,-1,220,H5
0.103515625,-0.026264916059165942,1,220,H5
0.1044921875,-0.01024686438994346,1,220,H5
0.10498046875,-0.0022739053824428063,1,220,H5
0.105224609375,0.001703585350224003,-1,220,H5
0.1051025390625,-0.0002844117819319966,1,220,H5
0.10516357421875,0.0007097737804768398,-1,220,H5
0.105133056640625,0.000212727756130425,-1,220,H5
0.1051177978515625,-3.5830322714217044e-05,1,220,H5
0.10512542724609375,8.845163913356185e-05,-1,220,H5
0.10512161254882812,2.631138883127382e-05,-1,220,H5
0.10511970520019531,-4.75928428432526e-06,1,220,H5
0.10512065887451172,1.0776097937439943e-05,-1,220,H5
0.10512018203735352,3.008418242696209e-06,-1,220,H5
0.0,-2.062688493408574,1,224,H5
0.5,2.713590404387079,-1,224,H5
0.25,1.9638172795875575,-1,224,H5
0.125,0.7091383229728896,-1,224,H5
0.0625,-0.4209796593979942,1,224,H5
0.09375,0.19849193065081755,-1,224,H5
0.078125,-0.09653480113944998,1,224,H5
0.0859375,0.054512425039346724,-1,224,H5
0.08203125,-0.020110126937046294,1,224,H5
0.083984375,0.017424194432125922,-1,224,H5
0.0830078125,-0.0012869287011520736,1,224,H5
0.08349609375,0.008082607647693446,-1,224,H5
0.083251953125,0.003401337489527062,-1,224,H5
0.0831298828125,0.0010580794387767822,-1,224,H5
0.08306884765625,-0.00011420580244739242,1,224,H5
0.083099365234375,0.00047199151689925056,-1,224,H5
0.0830841064453125,0.00017890653296578907,-1,224,H5
0.08307647705078125,3.2353784326255575e-05,-1,224,H5
0.08307266235351562,-4.092515427736587e-05,1,224,H5
0.08307456970214844,-4.285471281895159e-06,1,224,H5
0.08307552337646484,1.4034209945196219e-05,-1,224,H5
0.08307504653930664,4.8743826874808605e-06,-1,224,H5
0.0,-2.1089704099824367,1,228,H5
0.5,2.6873953074997328,-1,228,H5
0.25,1.7340536096827748,-1,228,H5
0.125,0.49613853287982446,-1,228,H5
0.0625,-0.5730650159310793,1,228,H5
0.09375,0.010821901514597401,-1,228,H5
0.078125,-0.2677533802001467,1,228,H5
0.0859375,-0.1252596366563369,1,228,H5
0.08984375,-0.05643388247524303,1,228,H5
0.091796875,-0.022611783917064476,1,228,H5
0.0927734375,-0.005846642795295093,1,228,H5
0.09326171875,0.002499672414449136,-1,228,H5
0.093017578125,-0.0016704704881869425,1,228,H5
0.0931396484375,0.00041535414607339616,-1,228,H5
0.09307861328125,-0.0006273698137629624,1,228,H5
0.093109130859375,-0.00010596075221712409,1,228,H5
0.0931243896484375,0.00015470846637312408,-1,228,H5
0.09311676025390625,2.4376799559813755e-05,-1,228,H5
0.09311294555664062,-4.0791240693643926e-05,1,228,H5
0.09311485290527344,-8.207036660295985e-06,1,228,H5
0.09311580657958984,8.084927426113553e-06,-1,228,H5
0.09311532974243164,-6.104312298693682e-08,1,228,H5
0.0,-1.991948806175806,1,232,H5
0.5,2.733088809145487,-1,232,H5
0.25,1.8805022347509424,-1,232,H5
0.125,0.6448373640876489,-1,232,H5
0.0625,-0.43704084992028747,1,232,H5
0.09375,0.15417444823262658,-1,232,H5
0.078125,-0.1278378224768726,1,232,H5
0.0859375,0.01643405276426825,-1,232,H5
0.08203125,-0.05486911892422219,1,232,H5
0.083984375,-0.019011401965896145,1,232,H5
0.0849609375,-0.0012373976989716456,1,232,H5
0.08544921875,0.00761111487749723,-1,232,H5
0.085205078125,0.003190059405916726,-1,232,H5
0.0850830078125,0.0009771315555967136,-1,232,H5
0.08502197265625,-0.00012993283388647303,1,232,H5
0.085052490234375,0.00042364941252064775,-1,232,H5
0.0850372314453125,0.00014687080320646695,-1,232,H5
0.08502960205078125,8.47211325450542e-06,-1,232,H5
0.08502578735351562,-6.072957815203561e-05,1,232,H5
0.08502769470214844,-2.6128536910093036e-05,1,232,H5
0.08502864837646484,-8.82816294331401e-06,1,232,H5
0.08502912521362305,-1.780126234335322e-07,1,232,H5
0.0,-2.3268922614461776,1,236,H5
0.5,2.3317774567932155,-1,236,H5
0.25,1.4925148590698198,-1,236,H5
0.125,0.2574859131273335,-1,236,H5
0.0625,-0.8101559650391303,1,236,H5
0.09375,-0.2282016736327867,1,236,H5
0.109375,0.025770523194145536,-1,236,H5
0.1015625,-0.09832441550272822,1,236,H5
0.10546875,-0.03556803677766217,1,236,H5
0.107421875,-0.004723242605257472,1,236,H5
0.1083984375,0.010567306055705966,-1,236,H5
0.10791015625,0.0029329747032208753,-1,236,H5
0.107666015625,-0.0008923948840219575,1,236,H5
0.1077880859375,0.0010209742607999867,-1,236,H5
0.10772705078125,6.446082811804865e-05,-1,236,H5
0.107696533203125,-0.0004139242365274187,1,236,H5
0.1077117919921875,-0.00017472100716021954,1,236,H5
0.10771942138671875,-5.512741536152499e-05,1,236,H5
0.10772323608398438,4.667374905592547e-06,-1,236,H5
0.10772132873535156,-2.5229853094624333e-05,1,236,H5
0.10772228240966797,-1.02811973119038e-05,1,236,H5
0.10772275924682617,-2.806900757129638e-06,1,236,H5
0.0,-2.0704430580853157,1,240,H5
0.5,2.6007132763094125,-1,240,H5
0.25,1.6880787131702881,-1,240,H5
0.125,0.4369998223407955,-1,240,H5
0.0625,-0.6108425225627654,1,240,H5
0.09375,-0.042387029072241844,1,240,H5
0.109375,0.20765097528404533,-1,240,H5
0.1015625,0.08531343146047525,-1,240,H5
0.09765625,0.022145764677756558,-1,240,H5
0.095703125,-0.009948448407492306,1,240,H5
0.0966796875,0.006141510406488009,-1,240,H5
0.09619140625,-0.0018927317739898843,1,240,H5
0.096435546875,0.002127070599869968,-1,240,H5
0.0963134765625,0.000117840111522707,-1,240,H5
0.09625244140625,-0.0008872781093606369,1,240,H5
0.096282958984375,-0.0003846770743548486,1,240,H5
0.0962982177734375,-0.00013340800101267064,1,240,H5
0.09630584716796875,-7.781324736482603e-06,1,240,H5
0.09630966186523438,5.503004838374251e-05,-1,240,H5
0.09630775451660156,2.36245255726443e-05,-1,240,H5
0.09630680084228516,7.921641355499234e-06,-1,240,H5
0.09630632400512695,7.016854359186142e-08,-1,240,H5
0.0,-2.2712989156272947,1,244,H5
0.5,2.3922219114654193,-1,244,H5
0.25,1.501248971736925,-1,244,H5
0.125,0.23712699605208223,-1,244,H5
0.0625,-0.8160134763898816,1,244,H5
0.09375,-0.24558637409176987,1,244,H5
0.109375,0.006000568466729361,-1,244,H5
0.1015625,-0.11714645964779255,1,244,H5
0.10546875,-0.054922619945331194,1,244,H5
0.107421875,-0.024299839495551437,1,244,H5
0.1083984375,-0.00910951238933344,1,244,H5
0.10888671875,-0.0015444627997335536,1,244,H5
0.109130859375,0.0022305524251571285,-1,244,H5
0.1090087890625,0.00034367004780172516,-1,244,H5
0.10894775390625,-0.0006002400250317841,1,244,H5
0.108978271484375,-0.00012824590615248543,1,244,H5
0.1089935302734375,0.00010772184078169933,-1,244,H5
0.10898590087890625,-1.0259590113775863e-05,1,244,H5
0.10898971557617188,4.8731735966672796e-05,-1,244,H5
0.10898780822753906,1.92362255857087e-05,-1,244,H5
0.10898685455322266,4.488355900944541e-06,-1,244,H5
0.10898637771606445,-2.885607565131232e-06,1,244,H5
0.0,-1.9799468811558434,1,248,H5
0.5,2.6141391535247873,-1,248,H5
0.25,1.6696629829125573,-1,248,H5
0.125,0.43187385497340464,-1,248,H5
0.0625,-0.5837040448014518,1,248,H5
0.09375,-0.03448068813376616,1,248,H5
0.109375,0.20835235216904166,-1,248,H5
0.1015625,0.08943483413483766,-1,248,H5
0.09765625,0.028112696231572865,-1,248,H5
0.095703125,-0.0030237158194963976,1,248,H5
0.0966796875,0.012584387763960841,-1,248,H5
0.09619140625,0.00479033187818978,-1,248,H5
0.095947265625,0.0008858096991451458,-1,248,H5
0.0958251953125,-0.0010683273058282594,1,248,H5
0.09588623046875,-9.110240687745796e-05,1,248,H5
0.095916748046875,0.0003973927399853472,-1,248,H5
0.0959014892578125,0.0001531549406750543,-1,248,H5
0.09589385986328125,3.102871051130496e-05,-1,248,H5
0.09589004516601562,-3.003623726957616e-05,1,248,H5
0.09589195251464844,4.96389347792725e-07,-1,248,H5
0.09589099884033203,-1.4769885779003511e-05,1,248,H5
0.09589147567749023,-7.1367386698939494e-06,1,248,H5
0.0,-1.850146851173484,1,252,H5
0.5,2.761168479305115,-1,252,H5
0.25,1.8257019006223656,-1,252,H5
0.125,0.6049249376736989,-1,252,H5
0.0625,-0.417854499053414,1,252,H5
0.09375,0.13750749665400044,-1,252,H5
0.078125,-0.12834004087138445,1,252,H5
0.0859375,0.007433341843863961,-1,252,H5
0.08203125,-0.05972758836437295,1,252,H5
0.083984375,-0.025967367293717042,1,252,H5
0.0849609375,-0.009222282989329617,1,252,H5
0.08544921875,-0.0008833142158660712,1,252,H5
0.085693359375,0.0032777996485757466,-1,252,H5
0.0855712890625,0.0011979395816063554,-1,252,H5
0.08551025390625,0.00015748695002873458,-1,252,H5
0.085479736328125,-0.00036287005977217457,1,252,H5
0.0854949951171875,-0.00010268066237986706,1,252,H5
0.08550262451171875,2.7405866848045912e-05,-1,252,H5
0.08549880981445312,-3.7636716997468955e-05,1,252,H5
0.08550071716308594,-5.115254884169307e-06,1,252,H5
0.08550167083740234,1.114534852886262e-05,-1,252,H5
0.08550119400024414,3.015057459282433e-06,-1,252,H5
0.0,-2.3196648173535768,1,256,H5
0.5,2.281495976282842,-1,256,H5
0.25,1.442879160281104,-1,256,H5
0.125,0.2323853126765231,-1,256,H5
0.0625,-0.8186371552832277,1,256,H5
0.09375,-0.24511580728359944,1,256,H5
0.109375,0.004708185626365324,-1,256,H5
0.1015625,-0.11732360626300736,1,256,H5
0.10546875,-0.05560190239301427,1,256,H5
0.107421875,-0.02527216363644351,1,256,H5
0.1083984375,-0.010238533535350827,1,256,H5
0.10888671875,-0.0027543372747044076,1,256,H5
0.109130859375,0.0009796299529064995,-1,256,H5
0.1090087890625,-0.0008866767927703384,1,256,H5
0.10906982421875,4.6645744102361e-05,-1,256,H5
0.109039306640625,-0.00041997322670173087,1,256,H5
0.1090545654296875,-0.00018665316771980522,1,256,H5
0.10906219482421875,-7.000106851734467e-05,1,256,H5
0.10906600952148438,-1.1677001397494835e-05,1,256,H5
0.10906791687011719,1.748453655316118e-05,-1,256,H5
0.10906696319580078,2.9038088780880544e-06,-1,256,H5
0.10906648635864258,-4.386585934712528e-06,1,256,H5
0.0,-2.120727127803521,1,260,H5
0.5,2.487956756436901,-1,260,H5
0.25,1.6537259217693223,-1,260,H5
0.125,0.42635729975433767,-1,260,H5
0.0625,-0.6287156979874635,1,260,H5
0.09375,-0.054204183096886877,1,260,H5
0.109375,0.19695448215805983,-1,260,H5
0.1015625,0.07419905797902451,-1,260,H5
0.09765625,0.010716794777693384,-1,260,H5
0.095703125,-0.02156216156978763,1,260,H5
0.0966796875,-0.00537751283675833,1,260,H5
0.09716796875,0.0026809071184279998,-1,260,H5
0.096923828125,-0.0013454830143322105,1,260,H5
0.0970458984375,0.0006684165995482216,-1,260,H5
0.09698486328125,-0.00033835701881781977,1,260,H5
0.097015380859375,0.0001650738310456923,-1,260,H5
0.0970001220703125,-8.663058290805936e-05,1,260,H5
0.09700775146484375,3.9224376712387876e-05,-1,260,H5
0.09700393676757812,-2.3702414924442472e-05,1,260,H5
0.09700584411621094,7.761152935659155e-06,-1,260,H5
0.09700489044189453,-7.970587983546773e-06,1,260,H5
0.09700536727905273,-1.0470677128116002e-07,1,260,H5
0.0,-2.1777998681402804,1,264,H5
0.5,2.3673766587056573,-1,264,H5
0.25,1.7547549391443469,-1,264,H5
0.125,0.5460662981849511,-1,264,H5
0.0625,-0.562535373977435,1,264,H5
0.09375,0.04591912346632589,-1,264,H5
0.078125,-0.243703003301468,1,264,H5
0.0859375,-0.09537883855808602,1,264,H5
0.08984375,-0.023868423779533493,1,264,H5
0.091796875,0.011238629636924138,-1,264,H5
0.0908203125,-0.006261318469819671,1,264,H5
0.09130859375,0.0025020178288595527,-1,264,H5
0.091064453125,-0.0018763057131154295,1,264,H5
0.0911865234375,0.0003136917036716605,-1,264,H5
0.09112548828125,-0.0007810980300349268,1,264,H5
0.091156005859375,-0.00023365092741590987,1,264,H5
0.0911712646484375,4.003344608145831e-05,-1,264,H5
0.09116363525390625,-9.680547605545042e-05,1,264,H5
0.09116744995117188,-2.8385198849574522e-05,1,264,H5
0.09116935729980469,5.82432764834051e-06,-1,264,H5
0.09116840362548828,-1.1280384592207704e-05,1,264,H5
0.09116888046264648,-2.728015719648258e-06,1,264,H5
0.0,-2.181963104923094,1,268,H5
0.5,2.3623778890885543,-1,268,H5
0.25,1.5858064552104771,-1,268,H5
0.125,0.4015957083531234,-1,268,H5
0.0625,-0.6528520964703576,1,268,H5
0.09375,-0.07531706648620975,1,268,H5
0.109375,0.17470376898442286,-1,268,H5
0.1015625,0.052706269268506876,-1,268,H5
0.09765625,-0.010536525486972918,1,268,H5
0.099609375,0.02127511582425648,-1,268,H5
0.0986328125,0.005417101758109298,-1,268,H5
0.09814453125,-0.0025477294126437476,1,268,H5
0.098388671875,0.0014376779304918971,-1,268,H5
0.0982666015625,-0.0005542773200276074,1,268,H5
0.09832763671875,0.00044188735027491516,-1,268,H5
0.098297119140625,-5.614821608906223e-05,1,268,H5
0.0983123779296875,0.00019288125834899042,-1,268,H5
0.09830474853515625,6.836944406180337e-05,-1,268,H5
0.09830093383789062,6.1113447337377e-06,-1,268,H5
0.09829902648925781,-2.5018252988756595e-05,1,268,H5
0.09829998016357422,-9.453408455855489e-06,1,268,H5
0.09830045700073242,-1.6710204430586684e-06,1,268,H5
0.0,-1.9366711508302048,1,272,H5
0.5,2.585432792041476,-1,272,H5
0.25,1.6678584812452342,-1,272,H5
0.125,0.4821497829502887,-1,272,H5
0.0625,-0.5204183174621979,1,272,H5
0.09375,0.024997422902146738,-1,272,H5
0.078125,-0.23579750573509434,1,272,H5
0.0859375,-0.1025358484121027,1,272,H5
0.08984375,-0.03806706025258837,1,272,H5
0.091796875,-0.006360995361422872,1,272,H5
0.0927734375,0.009361456622291597,-1,272,H5
0.09228515625,0.0015110679042906333,-1,272,H5
0.092041015625,-0.002422251084644486,1,272,H5
0.0921630859375,-0.0004549138451178658,1,272,H5
0.09222412109375,0.0005282464138819387,-1,272,H5
0.092193603515625,3.6708636951154894e-05,-1,272,H5
0.0921783447265625,-0.00020909201512910036,1,272,H5
0.09218597412109375,-8.618904195173416e-05,1,272,H5
0.09218978881835938,-2.473954072861051e-05,1,272,H5
0.09219169616699219,5.984713552648069e-06,-1,272,H5
0.09219074249267578,-9.377372227462044e-06,1,272,H5
0.09219121932983398,-1.696318997337909e-06,1,272,H5
0.0,-1.5576028015924184,1,276,H5
0.5,2.994636880225705,-1,276,H5
0.25,1.9620217618925735,-1,276,H5
0.125,0.7951243915404358,-1,276,H5
0.0625,-0.1779742857687952,1,276,H5
0.09375,0.3513990578326887,-1,276,H5
0.078125,0.09834180028336822,-1,276,H5
0.0703125,-0.03678706355672137,1,276,H5
0.07421875,0.03151914228046446,-1,276,H5
0.072265625,-0.0024465955264834083,1,276,H5
0.0732421875,0.014582873301799665,-1,276,H5
0.07275390625,0.006079818966000877,-1,276,H5
0.072509765625,0.0018195355077801623,-1,276,H5
0.0723876953125,-0.0003127985908982778,1,276,H5
0.07244873046875,0.0007535512541058109,-1,276,H5
0.072418212890625,0.00022042203788741332,-1,276,H5
0.0724029541015625,-4.617684901350727e-05,1,276,H5
0.07241058349609375,8.71254511947972e-05,-1,276,H5
0.07240676879882812,2.0475015294618704e-05,-1,276,H5
0.07240486145019531,-1.2850738306424692e-05,1,276,H5
0.07240581512451172,3.812183132057001e-06,-1,276,H5
0.07240533828735352,-4.5192664278326244e-06,1,276,H5
0.0,-1.349612742634633,1,280,H5
0.5,3.2236728324272255,-1,280,H5
0.25,2.133820827534751,-1,280,H5
0.125,0.9150838422924166,-1,280,H5
0.0625,-0.046955603382529465,1,280,H5
0.09375,0.47104384277205036,-1,280,H5
0.078125,0.22194442894511052,-1,280,H5
0.0703125,0.09005516196982549,-1,280,H5
0.06640625,0.022200916556107536,-1,280,H5
0.064453125,-0.01221317508336267,1,280,H5
0.0654296875,0.005034739131413252,-1,280,H5
0.06494140625,-0.003578979209245492,1,280,H5
0.065185546875,0.0007304369415883638,-1,280,H5
0.0650634765625,-0.0014236315499731728,1,280,H5
0.06512451171875,-0.0003464374505802864,1,280,H5
0.065155029296875,0.00019203970361419964,-1,280,H5
0.0651397705078125,-7.718888329376339e-05,1,280,H5
0.06514739990234375,5.742790762466865e-05,-1,280,H5
0.06514358520507812,-9.879863458128746e-06,1,280,H5
0.06514549255371094,2.377417817614469e-05,-1,280,H5
0.06514453887939453,6.947196382195431e-06,-1,280,H5
0.06514406204223633,-1.4663237821732622e-06,1,280,H5
0.0,-1.9537504705188726,1,284,H5
0.5,2.516533055460628,-1,284,H5
0.25,1.6563835032503116,-1,284,H5
0.125,0.4898316854216301,-1,284,H5
0.0625,-0.5162826654248835,1,284,H5
0.09375,0.03260758487288972,-1,284,H5
0.078125,-0.2294419088695149,1,284,H5
0.0859375,-0.09543982785348633,1,284,H5
0.08984375,-0.030686592779995955,1,284,H5
0.091796875,0.001141051770390436,-1,284,H5
0.0908203125,-0.014727404338577804,1,284,H5
0.09130859375,-0.006781863213733287,1,284,H5
0.091552734375,-0.0028175810071302196,1,284,H5
0.0916748046875,-0.0008375588835003236,1,284,H5
0.09173583984375,0.00015192282171476792,-1,284,H5
0.091705322265625,-0.0003427739293954367,1,284,H5
0.0917205810546875,-9.541452933242017e-05,1,284,H5
0.09172821044921875,2.8256902209713997e-05,-1,284,H5
0.09172439575195312,-3.35781245432501e-05,1,284,H5
0.09172630310058594,-2.660438913691665e-06,1,284,H5
0.09172725677490234,1.2798274710911633e-05,-1,284,H5
0.09172677993774414,5.068928664420103e-06,-1,284,H5
0.0,-2.0853956276655907,1,288,H5
0.5,2.376618776537962,-1,288,H5
0.25,1.6121002165231797,-1,288,H5
0.125,0.4290363397502016,-1,288,H5
0.0625,-0.6062898338182002,1,288,H5
0.09375,-0.04110523540578538,1,288,H5
0.109375,0.20494743818988403,-1,288,H5
0.1015625,0.08477483154516452,-1,288,H5
0.09765625,0.02256211135297745,-1,288,H5
0.095703125,-0.009087976513181245,1,288,H5
0.0966796875,0.00678274315632256,-1,288,H5
0.09619140625,-0.0011411702263055962,1,288,H5
0.096435546875,0.0028236446344037935,-1,288,H5
0.0963134765625,0.0008419521766096366,-1,288,H5
0.09625244140625,-0.00014943022791039096,1,288,H5
0.096282958984375,0.0003463056668584624,-1,288,H5
0.0962677001953125,9.844889344230723e-05,-1,288,H5
0.09626007080078125,-2.5487873637264347e-05,1,288,H5
0.09626388549804688,3.648120828828039e-05,-1,288,H5
0.09626197814941406,5.496841923788298e-06,-1,288,H5
0.09626102447509766,-9.995472206800193e-06,1,288,H5
0.09626150131225586,-2.2493042292626164e-06,1,288,H5
0.0,-2.2316589417217396,1,292,H5
0.5,2.2238875637369024,-1,292,H5
0.25,1.487953062501786,-1,292,H5
0.125,0.275726579475419,-1,292,H5
0.0625,-0.7679719494386013,1,292,H5
0.09375,-0.20041121390651237,1,292,H5
0.109375,0.04830978980905065,-1,292,H5
0.1015625,-0.07329380128647758,1,292,H5
0.10546875,-0.011814702301554403,1,292,H5
0.107421875,0.018415395744974916,-1,292,H5
0.1064453125,0.0033424932138775842,-1,292,H5
0.10595703125,-0.004225544919470414,1,292,H5
0.106201171875,-0.0004388888247557621,1,292,H5
0.1063232421875,0.001452461092067342,-1,292,H5
0.10626220703125,0.0005069509029591301,-1,292,H5
0.106231689453125,3.4072237044324716e-05,-1,292,H5
0.1062164306640625,-0.00020239799366794653,1,292,H5
0.10622406005859375,-8.416030335270386e-05,1,292,H5
0.10622787475585938,-2.5043389425272178e-05,1,292,H5
0.10622978210449219,4.514584740489269e-06,-1,292,H5
0.10622882843017578,-1.0264362109602132e-05,1,292,H5
0.10622930526733398,-2.8748786263244064e-06,1,292,H5
0.0,-2.021254074422875,1,296,H5
0.5,2.424262188092957,-1,296,H5
0.25,1.4718173996625716,-1,296,H5
0.125,0.28391617795492174,-1,296,H5
0.0625,-0.6860240763568795,1,296,H5
0.09375,-0.1614890615202973,1,296,H5
0.109375,0.07041052478029997,-1,296,H5
0.1015625,-0.04315612526326224,1,296,H5
0.10546875,0.014212321676347749,-1,296,H5
0.103515625,-0.014324299463016756,1,296,H5
0.1044921875,-1.925423404586235e-05,1,296,H5
0.10498046875,0.007105696706237938,-1,296,H5
0.104736328125,0.0035455145646300992,-1,296,H5
0.1046142578125,0.0017637038204447592,-1,296,H5
0.10455322265625,0.0008723682473800592,-1,296,H5
0.104522705078125,0.0004265928752622619,-1,296,H5
0.1045074462890625,0.00020367828838810387,-1,296,H5
0.10449981689453125,9.22142691951941e-05,-1,296,H5
0.10449600219726562,3.6480578090705706e-05,-1,296,H5
0.10449409484863281,8.613312152440378e-06,-1,296,H5
0.1044931411743164,-5.32042591402937e-06,1,296,H5
0.10449361801147461,1.6464518773004477e-06,-1,296,H5
