p_noise,trace_witness,label,round
0.0,-1.8729389528590659,1,4
0.5,1.1075488048334239,-1,4
0.25,-0.3826950740128213,1,4
0.375,0.3624268654103012,-1,4
0.3125,-0.010134104301259605,1,4
0.34375,0.1761463805545207,-1,4
0.328125,0.08300613812663032,-1,4
0.3203125,0.03643601691268544,-1,4
0.31640625,0.013150956305712669,-1,4
0.314453125,0.001508426002226504,-1,4
0.3134765625,-0.004312839149516634,1,4
0.31396484375,-0.0014022065736450928,1,4
0.314208984375,5.3109714290400234e-05,-1,4
0.3140869140625,-0.0006745484296771243,1,4
0.31414794921875,-0.00031071935769327874,1,4
0.314178466796875,-0.00012880482170130048,1,4
0.3141937255859375,-3.784755370528359e-05,1,4
0.31420135498046875,7.631080292336279e-06,-1,4
0.3141975402832031,-1.5108236706085076e-05,1,4
0.31419944763183594,-3.7385782070131768e-06,1,4
0.31420040130615234,1.9462510428280844e-06,-1,4
0.31419992446899414,-8.961635818982572e-07,1,4
0.0,-1.9396704930079247,1,8
0.5,1.0410201926753297,-1,8
0.25,-0.4493251501662975,1,8
0.375,0.2958475212545161,-1,8
0.3125,-0.07673881445589048,1,8
0.34375,0.10955435339931258,-1,8
0.328125,0.016407769471711103,-1,8
0.3203125,-0.03016552249208987,1,8
0.32421875,-0.0068788765101896465,1,8
0.326171875,0.0047644464807608256,-1,8
0.3251953125,-0.00105721501471423,1,8
0.32568359375,0.0018536157330232284,-1,8
0.325439453125,0.00039820035915419383,-1,8
0.3253173828125,-0.00032950732777980996,1,8
0.32537841796875,3.4346515687067036e-05,-1,8
0.325347900390625,-0.00014758040604642697,1,8
0.3253631591796875,-5.6616945179749356e-05,1,8
0.32537078857421875,-1.1135214746132993e-05,1,8
0.3253746032714844,1.1605650470647433e-05,-1,8
0.32537269592285156,2.3521786224334207e-07,-1,8
0.32537174224853516,-5.4499984418199254e-06,1,8
0.32537221908569336,-2.6073902897882917e-06,1,8
0.0,-1.8159153340696466,1,12
0.5,1.164968764275384,-1,12
0.25,-0.3254732848971312,1,12
0.375,0.4197477396891264,-1,12
0.3125,0.047137227395997724,-1,12
0.28125,-0.13916802875056672,1,12
0.296875,-0.04601540067728467,1,12
0.3046875,0.0005609133593564575,-1,12
0.30078125,-0.022727243658964058,1,12
0.302734375,-0.011083165149803759,1,12
0.3037109375,-0.005261125895223706,1,12
0.30419921875,-0.002350106267933562,1,12
0.304443359375,-0.0008945964542886181,1,12
0.3045654296875,-0.00016684154746605256,1,12
0.30462646484375,0.00019703590594523368,-1,12
0.304595947265625,1.5097179239725866e-05,-1,12
0.3045806884765625,-7.587218411320151e-05,1,12
0.30458831787109375,-3.0387502436855784e-05,1,12
0.3045921325683594,-7.645161598526795e-06,1,12
0.3045940399169922,3.726008820453819e-06,-1,12
0.3045930862426758,-1.959576389175266e-06,1,12
0.304593563079834,8.832162155802958e-07,-1,12
0.0,-0.7241214433911989,1,16
0.5,2.2472561839606806,-1,16
0.25,0.7615673702847408,-1,16
0.125,0.018722963446770907,-1,16
0.0625,-0.3526992399722142,1,16
0.09375,-0.16698813826272157,1,16
0.109375,-0.07413258740797557,1,16
0.1171875,-0.027704811980602317,1,16
0.12109375,-0.004490924266915691,1,16
0.123046875,0.007116019589927747,-1,16
0.1220703125,0.0013125476615060139,-1,16
0.12158203125,-0.0015891883027048248,1,16
0.121826171875,-0.00013832032059946098,1,16
0.1219482421875,0.000587113670453332,-1,16
0.12188720703125,0.0002243966749267967,-1,16
0.121856689453125,4.303817716388991e-05,-1,16
0.1218414306640625,-4.764107171806309e-05,1,16
0.12184906005859375,-2.3014472771976102e-06,1,16
0.12185287475585938,2.036836494329064e-05,-1,16
0.12185096740722656,9.033458833185293e-06,-1,16
0.12185001373291016,3.3660057781048636e-06,-1,16
0.12184953689575195,5.322792504536267e-07,-1,16
0.0,-2.7331667144184895,1,20
0.5,0.23845685227812294,-1,20
0.25,-1.2473549310701835,1,20
0.375,-0.5044490393960303,1,20
0.4375,-0.1329960935589538,1,20
0.46875,0.052730379359584356,-1,20
0.453125,-0.04013285709968456,1,20
0.4609375,0.006298761129949981,-1,20
0.45703125,-0.016917047984867095,1,20
0.458984375,-0.005309143427458585,1,20
0.4599609375,0.0004948088512458648,-1,20
0.45947265625,-0.0024071672881065265,1,20
0.459716796875,-0.0009561792184303308,1,20
0.4598388671875,-0.00023068518359270485,1,20
0.45989990234375,0.000132061833826691,-1,20
0.459869384765625,-4.931167488292365e-05,1,20
0.4598846435546875,4.137507947177266e-05,-1,20
0.45987701416015625,-3.968297705381207e-06,1,20
0.4598808288574219,1.870339088316797e-05,-1,20
0.45987892150878906,7.367546588921137e-06,-1,20
0.45987796783447266,1.6996244416311868e-06,-1,20
0.45987749099731445,-1.1343366317362324e-06,1,20
0.0,-2.1353911380626314,1,24
0.5,0.8364616787478107,-1,24
0.25,-0.6494647296574106,1,24
0.375,0.09349847454519994,-1,24
0.3125,-0.2779831275561053,1,24
0.34375,-0.09224232650545278,1,24
0.359375,0.0006280740198739143,-1,24
0.3515625,-0.04580712624278943,1,24
0.35546875,-0.022589526111458036,1,24
0.357421875,-0.010980726045792366,1,24
0.3583984375,-0.005176326012959309,1,24
0.35888671875,-0.0022741259965426974,1,24
0.359130859375,-0.0008230259883345581,1,24
0.3592529296875,-9.747598423059944e-05,1,24
0.35931396484375,0.00026529901782146315,-1,24
0.359283447265625,8.391151679548736e-05,-1,24
0.3592681884765625,-6.782233717417263e-06,1,24
0.35927581787109375,3.856464153895178e-05,-1,24
0.3592720031738281,1.589120391082277e-05,-1,24
0.3592700958251953,4.554485096786021e-06,-1,24
0.3592691421508789,-1.1138743103433768e-06,1,24
0.3592696189880371,1.7203053932490775e-06,-1,24
0.0,-0.39190027578220493,1,28
0.5,2.5317155578529067,-1,28
0.25,1.069907641035351,-1,28
0.125,0.3390036826265731,-1,28
0.0625,-0.026448296577816055,1,28
0.09375,0.15627769302437847,-1,28
0.078125,0.06491469822328139,-1,28
0.0703125,0.01923320082273261,-1,28
0.06640625,-0.003607547877541667,1,28
0.068359375,0.007812826472595458,-1,28
0.0673828125,0.002102639297526937,-1,28
0.06689453125,-0.0007524542900072262,1,28
0.067138671875,0.0006750925037597721,-1,28
0.0670166015625,-3.868089312381029e-05,1,28
0.06707763671875,0.0003182058053178005,-1,28
0.067047119140625,0.000139762456097009,-1,28
0.0670318603515625,5.0540781486696496e-05,-1,28
0.06702423095703125,5.9299441814153475e-06,-1,28
0.06702041625976562,-1.6375474471169715e-05,1,28
0.06702232360839844,-5.222765144974328e-06,1,28
0.06702327728271484,3.535895181649984e-07,-1,28
0.06702280044555664,-2.4345878132936427e-06,1,28
0.0,-2.1695516465647864,1,32
0.5,0.7717635302238794,-1,32
0.25,-0.6988940581704535,1,32
0.375,0.036434736026713016,-1,32
0.3125,-0.33122966107187,1,32
0.34375,-0.14739746252257852,1,32
0.359375,-0.05548136324793276,1,32
0.3671875,-0.009523313610609943,1,32
0.37109375,0.01345571120805164,-1,32
0.369140625,0.001966198798720814,-1,32
0.3681640625,-0.00377855740594453,1,32
0.36865234375,-0.0009061793036118787,1,32
0.368896484375,0.0005300097475545718,-1,32
0.3687744140625,-0.00018808477802871593,1,32
0.36883544921875,0.00017096248476282383,-1,32
0.368804931640625,-8.561146632890537e-06,1,32
0.3688201904296875,8.120066906501522e-05,-1,32
0.36881256103515625,3.631976121598601e-05,-1,32
0.3688087463378906,1.387930729153386e-05,-1,32
0.3688068389892578,2.659080329356356e-06,-1,32
0.3688058853149414,-2.9510331517046406e-06,1,32
0.3688063621520996,-1.4597641125047023e-07,1,32
0.0,-2.595429256157316,1,36
0.5,0.34190612898504513,-1,36
0.25,-1.1267615635861352,1,36
0.375,-0.39242771730054493,1,36
0.4375,-0.02526079415775004,1,36
0.46875,0.15832266741364748,-1,36
0.453125,0.0665309366279489,-1,36
0.4453125,0.02063507123509939,-1,36
0.44140625,-0.0023128614613253107,1,36
0.443359375,0.009161104886886956,-1,36
0.4423828125,0.0034241217127809476,-1,36
0.44189453125,0.0005556301257277352,-1,36
0.441650390625,-0.0008786156677987877,1,36
0.4417724609375,-0.00016149277103544302,1,36
0.44183349609375,0.0001970686773462571,-1,36
0.441802978515625,1.7787953155323777e-05,-1,36
0.4417877197265625,-7.185240894008738e-05,1,36
0.44179534912109375,-2.7032227892409555e-05,1,36
0.4417991638183594,-4.6221373685151335e-06,1,36
0.4418010711669922,6.582907893459833e-06,-1,36
0.4418001174926758,9.803852623058162e-07,-1,36
0.4417996406555176,-1.8208760529936363e-06,1,36
0.0,-2.0540535952930297,1,40
0.5,0.904402103835916,-1,40
0.25,-0.5748257457285564,1,40
0.375,0.16478817905367957,-1,40
0.3125,-0.20501878333743845,1,40
0.34375,-0.020115302141879482,1,40
0.359375,0.07233643845590015,-1,40
0.3515625,0.026110568157010294,-1,40
0.34765625,0.002997633007565559,-1,40
0.345703125,-0.008558834567157003,1,40
0.3466796875,-0.0027806007797958054,1,40
0.34716796875,0.00010851611388490445,-1,40
0.346923828125,-0.0013360423329554505,1,40
0.3470458984375,-0.0006137631095352314,1,40
0.34710693359375,-0.0002526234978252606,1,40
0.347137451171875,-7.205369197024747e-05,1,40
0.3471527099609375,1.8231210957259103e-05,-1,40
0.34714508056640625,-2.6911240506355405e-05,1,40
0.3471488952636719,-4.340014774673051e-06,1,40
0.3471508026123047,6.945598091445682e-06,-1,40
0.3471498489379883,1.302791658469582e-06,-1,40
0.3471493721008301,-1.5186115581156123e-06,1,40
0.0,-0.04548133430972552,1,44
0.5,2.912784429912047,-1,44
0.25,1.4336515478011609,-1,44
0.125,0.6940851067457177,-1,44
0.0625,0.32430188621799605,-1,44
0.03125,0.1394102759541353,-1,44
0.015625,0.04696447082220489,-1,44
0.0078125,0.0007415682562397011,-1,44
0.00390625,-0.02236988302674294,1,44
0.005859375,-0.010814157385251592,1,44
0.0068359375,-0.005036294564505973,1,44
0.00732421875,-0.0021473631541331258,1,44
0.007568359375,-0.000702897448946728,1,44
0.0076904296875,1.9335403646472682e-05,-1,44
0.00762939453125,-0.0003417810226501068,1,44
0.007659912109375,-0.00016122280950181533,1,44
0.0076751708984375,-7.09437029276852e-05,1,44
0.00768280029296875,-2.5804149640585444e-05,1,44
0.007686614990234375,-3.2343729970685242e-06,1,44
0.0076885223388671875,8.050515324729834e-06,-1,44
0.007687568664550781,2.4080711638167773e-06,-1,44
0.007687091827392578,-4.1315091659638314e-07,1,44
0.0,-2.632163055998272,1,48
0.5,0.3264099256912255,-1,48
0.25,-1.1528765651535235,1,48
0.375,-0.4132333197311488,1,48
0.4375,-0.04341169701996167,1,48
0.46875,0.141499114335632,-1,48
0.453125,0.04904370865783514,-1,48
0.4453125,0.002816005818936762,-1,48
0.44140625,-0.020297845600512343,1,48
0.443359375,-0.008740919890787957,1,48
0.4443359375,-0.002962457035925792,1,48
0.44482421875,-7.322560849454263e-05,1,48
0.445068359375,0.001371390105221193,-1,48
0.4449462890625,0.0006490822483632419,-1,48
0.44488525390625,0.00028792831993440515,-1,48
0.444854736328125,0.00010735135571970922,-1,48
0.4448394775390625,1.7062873612583296e-05,-1,48
0.44483184814453125,-2.8081367440813132e-05,1,48
0.4448356628417969,-5.509246914059407e-06,1,48
0.4448375701904297,5.776813349178678e-06,-1,48
0.4448366165161133,1.337832176706577e-07,-1,48
0.4448361396789551,-2.687731848027841e-06,1,48
0.0,-2.3281395579249393,1,52
0.5,0.6385654350385428,-1,52
0.25,-0.8447870614431984,1,52
0.375,-0.10311081320232784,1,52
0.4375,0.26772731091810736,-1,52
0.40625,0.08230824885788995,-1,52
0.390625,-0.010401282172219029,1,52
0.3984375,0.035953483342835435,-1,52
0.39453125,0.012776100585308314,-1,52
0.392578125,0.0011874092065446984,-1,52
0.3916015625,-0.004606936482837165,1,52
0.39208984375,-0.0017097636381462333,1,52
0.392333984375,-0.000261177215800823,1,52
0.3924560546875,0.00046311599537202097,-1,52
0.39239501953125,0.00010096938978554348,-1,52
0.392364501953125,-8.010391300755648e-05,1,52
0.3923797607421875,1.0432738388910234e-05,-1,52
0.39237213134765625,-3.483558730910108e-05,1,52
0.3923759460449219,-1.220142446017869e-05,1,52
0.3923778533935547,-8.843430356342274e-07,1,52
0.3923788070678711,4.774197676693515e-06,-1,52
0.3923783302307129,1.9449273205296436e-06,-1,52
0.0,-1.4223265155665212,1,56
0.5,1.544674786631504,-1,56
0.25,0.06117413553249118,-1,56
0.125,-0.6805761900170153,1,56
0.1875,-0.30970102724226195,1,56
0.21875,-0.12426344585488536,1,56
0.234375,-0.03154465516119698,1,56
0.2421875,0.014814740185647213,-1,56
0.23828125,-0.008364957487774966,1,56
0.240234375,0.003224891348935971,-1,56
0.2392578125,-0.0025700330694194973,1,56
0.23974609375,0.0003274291397583895,-1,56
0.239501953125,-0.0011213019648305678,1,56
0.2396240234375,-0.00039693641253621403,1,56
0.23968505859375,-3.475363638891227e-05,1,56
0.239715576171875,0.00014633775168471086,-1,56
0.2397003173828125,5.579205764788542e-05,-1,56
0.23969268798828125,1.0519210629611475e-05,-1,56
0.23968887329101562,-1.2117212879747541e-05,1,56
0.23969078063964844,-7.990011250402773e-07,1,56
0.23969173431396484,4.8601047523133545e-06,-1,56
0.23969125747680664,2.030551813664294e-06,-1,56
0.0,-1.014099832426584,1,60
0.5,1.944518386874007,-1,60
0.25,0.4652092772237114,-1,60
0.125,-0.2744452776014361,1,60
0.1875,0.09538199981113768,-1,60
0.15625,-0.08953163889514948,1,60
0.171875,0.002925180457994059,-1,60
0.1640625,-0.0433032292185776,1,60
0.16796875,-0.020189024380291853,1,60
0.169921875,-0.008631921961148814,1,60
0.1708984375,-0.0028533707515773776,1,60
0.17138671875,3.590485320814629e-05,-1,60
0.171142578125,-0.0014087329491843659,1,60
0.1712646484375,-0.0006864140479881375,1,60
0.17132568359375,-0.00032525459738980134,1,60
0.171356201171875,-0.0001446748720909663,1,60
0.1713714599609375,-5.438500944132674e-05,1,60
0.17137908935546875,-9.240078116312667e-06,1,60
0.17138290405273438,1.3332387545972324e-05,-1,60
0.17138099670410156,2.046154714607784e-06,-1,60
0.17138004302978516,-3.5969617007136634e-06,1,60
0.17138051986694336,-7.754034928031395e-07,1,60
0.0,-2.27829614271743,1,64
0.5,0.6863878269809163,-1,64
0.25,-0.7959541578682567,1,64
0.375,-0.054783165443670345,1,64
0.4375,0.31580233076862285,-1,64
0.40625,0.13050958266247642,-1,64
0.390625,0.03786320860940301,-1,64
0.3828125,-0.008459978417133862,1,64
0.38671875,0.014701615096134713,-1,64
0.384765625,0.003120818339500564,-1,64
0.3837890625,-0.0026695800388166213,1,64
0.38427734375,0.0002256191503418048,-1,64
0.384033203125,-0.0012219804442372695,1,64
0.3841552734375,-0.0004981806469477323,1,64
0.38421630859375,-0.00013628074830290826,1,64
0.384246826171875,4.4669201019476024e-05,-1,64
0.3842315673828125,-4.580577364166061e-05,1,64
0.38423919677734375,-5.682863111755587e-07,1,64
0.3842430114746094,2.2050457354261255e-05,-1,64
0.38424110412597656,1.0741085521570604e-05,-1,64
0.38424015045166016,5.086399605114256e-06,-1,64
0.38423967361450195,2.259056647080371e-06,-1,64
0.0,-2.0417005285941863,1,68
0.5,0.9222690631908466,-1,68
0.25,-0.5597157327016697,1,68
0.375,0.18127666524458852,-1,68
0.3125,-0.18921953372854106,1,68
0.34375,-0.003971434241976324,1,68
0.359375,0.08865261550130593,-1,68
0.3515625,0.042340590629665165,-1,68
0.34765625,0.019184578193844393,-1,68
0.345703125,0.007606571975934118,-1,68
0.3447265625,0.0018175688669790913,-1,68
0.34423828125,-0.001076932687498866,1,68
0.344482421875,0.0003703180897402514,-1,68
0.3443603515625,-0.0003533072988793906,1,68
0.34442138671875,8.50539543045814e-06,-1,68
0.344390869140625,-0.00017240095172443848,1,68
0.3444061279296875,-8.194777814696241e-05,1,68
0.34441375732421875,-3.67211913583354e-05,1,68
0.3444175720214844,-1.4107897963799854e-05,1,68
0.3444194793701172,-2.8012512666708567e-06,1,68
0.3444204330444336,2.8520720817826195e-06,-1,68
0.3444199562072754,2.541040755588142e-08,-1,68
0.0,-0.20181036659235893,1,72
0.5,2.7611989776416106,-1,72
0.25,1.2796943055246257,-1,72
0.125,0.5389419694661334,-1,72
0.0625,0.16856580143688726,-1,72
0.03125,-0.016622282577735875,1,72
0.046875,0.07597175942957568,-1,72
0.0390625,0.029674738425919944,-1,72
0.03515625,0.006526227924091993,-1,72
0.033203125,-0.005048027326821927,1,72
0.0341796875,0.0007391002986350814,-1,72
0.03369140625,-0.002154463514093402,1,72
0.033935546875,-0.0007076816077291048,1,72
0.0340576171875,1.570934545291891e-05,-1,72
0.03399658203125,-0.0003459861311380791,1,72
0.034027099609375,-0.00016513839284258702,1,72
0.0340423583984375,-7.471452369478548e-05,1,72
0.03404998779296875,-2.950258912090553e-05,1,72
0.034053802490234375,-6.896621833937799e-06,1,72
0.03405570983886719,4.406361809539128e-06,-1,72
0.03405475616455078,-1.2451300122617859e-06,1,72
0.034055233001708984,1.5806158985831598e-06,-1,72
0.0,-1.9527754601128582,1,76
0.5,1.0104752862028068,-1,76
0.25,-0.4711500869550257,1,76
0.375,0.2696625996238905,-1,76
0.3125,-0.10074374366556757,1,76
0.34375,0.08445942797916146,-1,76
0.328125,-0.008142157843203046,1,76
0.3359375,0.038158635067979285,-1,76
0.33203125,0.015008238612387911,-1,76
0.330078125,0.0034330403845925644,-1,76
0.3291015625,-0.0023545587293052755,1,76
0.32958984375,0.000539240827643464,-1,76
0.329345703125,-0.0009076589508309474,1,76
0.3294677734375,-0.0001842090615938874,1,76
0.32952880859375,0.00017751588302510057,-1,76
0.329498291015625,-3.3465892843309586e-06,1,76
0.3295135498046875,8.708464687012807e-05,-1,76
0.32950592041015625,4.1869028792898555e-05,-1,76
0.3295021057128906,1.926121975420747e-05,-1,76
0.3295001983642578,7.957315235090912e-06,-1,76
0.3294992446899414,2.3053629753105875e-06,-1,76
0.3294987678527832,-5.206131544199799e-07,1,76
0.0,-2.6792573568597833,1,80
0.5,0.25051095113116034,-1,80
0.25,-1.2143732028643117,1,80
0.375,-0.4819311258665753,1,80
0.4375,-0.11571008736770749,1,80
0.46875,0.06740043188172629,-1,80
0.453125,-0.024154827742990714,1,80
0.4609375,0.02162280206936812,-1,80
0.45703125,-0.0012660128368112145,1,80
0.458984375,0.010178394616278286,-1,80
0.4580078125,0.0044561908897333136,-1,80
0.45751953125,0.0015950890264611606,-1,80
0.457275390625,0.00016453809482486204,-1,80
0.4571533203125,-0.0005507373709931485,1,80
0.45721435546875,-0.00019309963808411545,1,80
0.457244873046875,-1.4280771629571198e-05,1,80
0.4572601318359375,7.512866159764542e-05,-1,80
0.45725250244140625,3.042394498409262e-05,-1,80
0.4572486877441406,8.071586677427245e-06,-1,80
0.4572467803955078,-3.1045924762662658e-06,1,80
0.4572477340698242,2.483497100413956e-06,-1,80
0.457247257232666,-3.1054768778737696e-07,1,80
0.0,-1.856701882726977,1,84
0.5,1.0906571569388954,-1,84
0.25,-0.38302236289404057,1,84
0.375,0.3538173970224273,-1,84
0.3125,-0.014602482935806765,1,84
0.34375,0.16960745704331032,-1,84
0.328125,0.07750248705375168,-1,84
0.3203125,0.03145000205897262,-1,84
0.31640625,0.00842375956158295,-1,84
0.314453125,-0.0030893616871119356,1,84
0.3154296875,0.0026671989372355903,-1,84
0.31494140625,-0.0002110813749381102,1,84
0.315185546875,0.0012280587811488025,-1,84
0.3150634765625,0.0005084887031053253,-1,84
0.31500244140625,0.0001487036640835243,-1,84
0.314971923828125,-3.118885542746641e-05,1,84
0.3149871826171875,5.875740432820242e-05,-1,84
0.31497955322265625,1.378427445053454e-05,-1,84
0.3149757385253906,-8.702290488368791e-06,1,84
0.31497764587402344,2.540991981020424e-06,-1,84
0.31497669219970703,-3.0806492537366337e-06,1,84
0.31497716903686523,-2.698286363927993e-07,1,84
0.0,-0.1789906113738875,1,88
0.5,2.772305120923003,-1,88
0.25,1.2966572547745576,-1,88
0.125,0.5588333217003352,-1,88
0.0625,0.18992135516322384,-1,88
0.03125,0.005465371894668156,-1,88
0.015625,-0.08676261973960968,1,88
0.0234375,-0.04064862392247075,1,88
0.02734375,-0.017591626013901268,1,88
0.029296875,-0.006063127059616563,1,88
0.0302734375,-0.0002988775824741968,1,88
0.03076171875,0.0025832471560970627,-1,88
0.030517578125,0.0011421847868114676,-1,88
0.0303955078125,0.00042165360216858683,-1,88
0.03033447265625,6.138800984714643e-05,-1,88
0.030303955078125,-0.00011874478631357377,1,88
0.0303192138671875,-2.8678388233130403e-05,1,88
0.03032684326171875,1.6354810807070463e-05,-1,88
0.030323028564453125,-6.161788712960581e-06,1,88
0.030324935913085938,5.096511047020247e-06,-1,88
0.03032398223876953,-5.326388329979226e-07,1,88
0.030324459075927734,2.2819361070458566e-06,-1,88
0.0,-2.108141246439138,1,92
0.5,0.9121010635166598,-1,92
0.25,-0.5980200914612388,1,92
0.375,0.15704048602771037,-1,92
0.3125,-0.22048980271676416,1,92
0.34375,-0.03172465834452698,1,92
0.359375,0.06265791384159186,-1,92
0.3515625,0.015466627748532247,-1,92
0.34765625,-0.00812901529799731,1,92
0.349609375,0.0036688062252677733,-1,92
0.3486328125,-0.0022301045363646854,1,92
0.34912109375,0.0007193508444512386,-1,92
0.348876953125,-0.0007553768459568899,1,92
0.3489990234375,-1.801300075254808e-05,1,92
0.34906005859375,0.000350668921849262,-1,92
0.349029541015625,0.00016632796054849575,-1,92
0.3490142822265625,7.415747989786281e-05,-1,92
0.34900665283203125,2.807223957268512e-05,-1,92
0.3490028381347656,5.029619410013009e-06,-1,92
0.3490009307861328,-6.491690671184269e-06,1,92
0.3490018844604492,-7.310356307521637e-07,1,92
0.3490023612976074,2.1492918896859337e-06,-1,92
0.0,-2.4767972976746853,1,96
0.5,0.5438391686104881,-1,96
0.25,-0.9664790645320982,1,96
0.375,-0.21131994796080505,1,96
0.4375,0.16625961032484138,-1,96
0.40625,-0.02253016881798181,1,96
0.421875,0.07186472075342987,-1,96
0.4140625,0.024667275967723945,-1,96
0.41015625,0.0010685535748709563,-1,96
0.408203125,-0.010730807621555427,1,96
0.4091796875,-0.004831127023342319,1,96
0.40966796875,-0.001881286724235376,1,96
0.409912109375,-0.0004063665746822931,1,96
0.4100341796875,0.00033109350009430383,-1,96
0.40997314453125,-3.763653729393912e-05,1,96
0.410003662109375,0.00014672848140018235,-1,96
0.4099884033203125,5.454597205317713e-05,-1,96
0.40998077392578125,8.454717379535737e-06,-1,96
0.4099769592285156,-1.4590909956924136e-05,1,96
0.40997886657714844,-3.068096288749711e-06,1,96
0.40997982025146484,2.6933105454762796e-06,-1,96
0.40997934341430664,-1.8739287177549357e-07,1,96
0.0,-1.071813772736919,1,100
0.5,1.9585005903621104,-1,100
0.25,0.44334340881259576,-1,100
0.125,-0.3142351819621615,1,100
0.1875,0.06455411342521702,-1,100
0.15625,-0.12484053426847233,1,100
0.171875,-0.030143210421627542,1,100
0.1796875,0.017205451501794672,-1,100
0.17578125,-0.006468879459916588,1,100
0.177734375,0.00536828602093925,-1,100
0.1767578125,-0.000550296719488641,1,100
0.17724609375,0.0024089946507251936,-1,100
0.177001953125,0.000929348965618193,-1,100
0.1768798828125,0.000189526123064776,-1,100
0.17681884765625,-0.00018038529821184923,1,100
0.176849365234375,4.570412426463388e-06,-1,100
0.1768341064453125,-8.79074428928317e-05,1,100
0.17684173583984375,-4.166851523323967e-05,1,100
0.17684555053710938,-1.8549051403415895e-05,1,100
0.1768474578857422,-6.989319488504009e-06,1,100
0.1768484115600586,-1.2094535312145993e-06,1,100
0.1768488883972168,1.6804794479297058e-06,-1,100
0.0,-1.4546995638511262,1,104
0.5,1.5684155671713396,-1,104
0.25,0.056858001660106544,-1,104
0.125,-0.6989207810955096,1,104
0.1875,-0.3210313897177016,1,104
0.21875,-0.13208669402879733,1,104
0.234375,-0.03761434618434542,1,104
0.2421875,0.009621827737880756,-1,104
0.23828125,-0.013996259223232388,1,104
0.240234375,-0.00218721574267583,1,104
0.2412109375,0.0037173059976023104,-1,104
0.24072265625,0.0007650451274634207,-1,104
0.240478515625,-0.0007110853076061352,1,104
0.2406005859375,2.697990992833743e-05,-1,104
0.24053955078125,-0.00034205269883899603,1,104
0.240570068359375,-0.00015753639445537093,1,104
0.2405853271484375,-6.527824226332246e-05,1,104
0.24059295654296875,-1.9149166167381493e-05,1,104
0.24059677124023438,3.915371880602869e-06,-1,104
0.24059486389160156,-7.616897143514212e-06,1,104
0.24059581756591797,-1.8507626312613823e-06,1,104
0.24059629440307617,1.0323046244764544e-06,-1,104
0.0,-2.2886520334796083,1,108
0.5,0.7347887863779105,-1,108
0.25,-0.776931623550849,1,108
0.375,-0.02107141858646941,1,108
0.4375,0.3568586838957206,-1,108
0.40625,0.1678936326546256,-1,108
0.390625,0.07341110703407816,-1,108
0.3828125,0.026169844223804167,-1,108
0.37890625,0.0025492128186674345,-1,108
0.376953125,-0.009261102883901112,1,108
0.3779296875,-0.0033559450326166584,1,108
0.37841796875,-0.00040336610697455644,1,108
0.378662109375,0.0010729233558463835,-1,108
0.3785400390625,0.0003347786244358719,-1,108
0.37847900390625,-3.429374126934226e-05,1,108
0.378509521484375,0.00015024244158332034,-1,108
0.3784942626953125,5.797435015697516e-05,-1,108
0.37848663330078125,1.1840304443871963e-05,-1,108
0.3784828186035156,-1.122671841272127e-05,1,108
0.37848472595214844,3.067930153533016e-07,-1,108
0.37848377227783203,-5.4599626985452065e-06,1,108
0.37848424911499023,-2.57658484148493e-06,1,108
0.0,-2.521666996188653,1,112
0.5,0.5021532952487858,-1,112
0.25,-1.0097568504699337,1,112
0.375,-0.2538017776105738,1,112
0.4375,0.12417575881910592,-1,112
0.40625,-0.06481300939573392,1,112
0.421875,0.029681374711686026,-1,112
0.4140625,-0.01756581734202395,1,112
0.41796875,0.006057778684830928,-1,112
0.416015625,-0.0057540193285964825,1,112
0.4169921875,0.0001518796781170284,-1,112
0.41650390625,-0.0028010698252396438,1,112
0.416748046875,-0.0013245950735611967,1,112
0.4168701171875,-0.0005863576977219731,1,112
0.41693115234375,-0.00021723900980247235,1,112
0.416961669921875,-3.2679665842694217e-05,1,112
0.4169769287109375,5.960000613736138e-05,-1,112
0.41696929931640625,1.3460170147472361e-05,-1,112
0.4169654846191406,-9.609747847583172e-06,1,112
0.41696739196777344,1.9252111498335722e-06,-1,112
0.41696643829345703,-3.842268348930311e-06,1,112
0.41696691513061523,-9.58528599381836e-07,1,112
0.0,-0.04257650623832312,1,116
0.5,2.9821733239026234,-1,116
0.25,1.46979840883215,-1,116
0.125,0.7136109512969135,-1,116
0.0625,0.3355172225292952,-1,116
0.03125,0.14647035814548606,-1,116
0.015625,0.05194692595358146,-1,116
0.0078125,0.004685209857629165,-1,116
0.00390625,-0.01894564819034697,1,116
0.005859375,-0.007130219166358909,1,116
0.0068359375,-0.0012225046543648775,1,116
0.00732421875,0.001731352601632135,-1,116
0.007080078125,0.00025442397363363914,-1,116
0.0069580078125,-0.0004840403403656088,1,116
0.00701904296875,-0.00011480818336600737,1,116
0.007049560546875,6.980789513384364e-05,-1,116
0.0070343017578125,-2.2500144116092274e-05,1,116
0.00704193115234375,2.3653875508865274e-05,-1,116
0.007038116455078125,5.76865696391704e-07,-1,116
0.0070362091064453125,-1.096163920984855e-05,1,116
0.007037162780761719,-5.1923867567388315e-06,1,116
0.007037639617919922,-2.307760530152747e-06,1,116
0.0,-2.0139159345420934,1,120
0.5,1.0434313486818794,-1,120
0.25,-0.4852422929301073,1,120
0.375,0.27909452787588573,-1,120
0.3125,-0.10307388252711061,1,120
0.34375,0.0880103226743876,-1,120
0.328125,-0.007531779926361559,1,120
0.3359375,0.04023927137401301,-1,120
0.33203125,0.016353745723825808,-1,120
0.330078125,0.0044109828987323185,-1,120
0.3291015625,-0.0015603985138146759,1,120
0.32958984375,0.001425292192458738,-1,120
0.329345703125,-6.755316067807993e-05,1,120
0.3294677734375,0.0006788695158903568,-1,120
0.32940673828125,0.00030565817760613845,-1,120
0.329376220703125,0.00011905250846427906,-1,120
0.3293609619140625,2.5749673893127323e-05,-1,120
0.32935333251953125,-2.0901743392531813e-05,1,120
0.3293571472167969,2.4239652501867326e-06,-1,120
0.32935523986816406,-9.238889071117029e-06,1,120
0.32935619354248047,-3.4074619104651482e-06,1,120
0.32935667037963867,-4.917483300004299e-07,1,120
0.0,-2.695657673007129,1,124
0.5,0.36102945424991084,-1,124
0.25,-1.167314109378609,1,124
0.375,-0.40314232756434937,1,124
0.4375,-0.021056436657219235,1,124
0.46875,0.1699865087963457,-1,124
0.453125,0.07446503606956328,-1,124
0.4453125,0.026704299706171997,-1,124
0.44140625,0.002823931524476603,-1,124
0.439453125,-0.009116252566371663,1,124
0.4404296875,-0.0031461605209472665,1,124
0.44091796875,-0.00016111449823547064,1,124
0.441162109375,0.00133140851312058,-1,124
0.4410400390625,0.0005851470074424714,-1,124
0.44097900390625,0.00021201625460340323,-1,124
0.440948486328125,2.5450878183841397e-05,-1,124
0.4409332275390625,-6.78318100259534e-05,1,124
0.44094085693359375,-2.1190465920833956e-05,1,124
0.4409446716308594,2.13020613137882e-06,-1,124
0.44094276428222656,-9.530129894741446e-06,1,124
0.44094371795654297,-3.699961881681313e-06,1,124
0.44094419479370117,-7.848778750541019e-07,1,124
0.0,-2.3014310325401173,1,128
0.5,0.7559137763517412,-1,128
0.25,-0.7727586280941878,1,128
0.375,-0.00842242587122348,1,128
0.4375,0.373745675240259,-1,128
0.40625,0.18266162468451788,-1,128
0.390625,0.08711959940664717,-1,128
0.3828125,0.03934858676771191,-1,128
0.37890625,0.015463080448244237,-1,128
0.376953125,0.0035203272885103998,-1,128
0.3759765625,-0.0024510492913564497,1,128
0.37646484375,0.000534638998576864,-1,128
0.376220703125,-0.0009582051463898345,1,128
0.3763427734375,-0.0002117830739063603,1,128
0.37640380859375,0.00016142796233535595,-1,128
0.376373291015625,-2.5177555785599326e-05,1,128
0.3763885498046875,6.812520327482974e-05,-1,128
0.37638092041015625,2.1473823744636023e-05,-1,128
0.3763771057128906,-1.8518660203220572e-06,1,128
0.37637901306152344,9.810978862143105e-06,-1,128
0.37637805938720703,3.9795564207995016e-06,-1,128
0.37637758255004883,1.0638452002248444e-06,-1,128
0.0,-0.4235416589535889,1,132
0.5,2.6352434338783404,-1,132
0.25,1.1058508874623758,-1,132
0.125,0.3411546142543934,-1,132
0.0625,-0.0411935223495975,1,132
0.09375,0.14998054595239776,-1,132
0.078125,0.0543935118014002,-1,132
0.0703125,0.006599994725901115,-1,132
0.06640625,-0.017296763811848248,1,132
0.068359375,-0.005348384542973539,1,132
0.0693359375,0.0006258050914637048,-1,132
0.06884765625,-0.0023612897257548615,1,132
0.069091796875,-0.00086774231714562,1,132
0.0692138671875,-0.00012096861284091598,1,132
0.06927490234375,0.00025241823931143603,-1,132
0.069244384765625,6.572481323524615e-05,-1,132
0.0692291259765625,-2.762189980268226e-05,1,132
0.06923675537109375,1.9051456716295823e-05,-1,132
0.06923294067382812,-4.285221543359752e-06,1,132
0.06923484802246094,7.38311758644028e-06,-1,132
0.06923389434814453,1.5489480216512863e-06,-1,132
0.06923341751098633,-1.3681367607432104e-06,1,132
0.0,-2.6955697871775643,1,136
0.5,0.3579195894583508,-1,136
0.25,-1.1688250988596065,1,136
0.375,-0.4054527547006279,1,136
0.4375,-0.023766582621138677,1,136
0.46875,0.16707650341860586,-1,136
0.453125,0.07165496039873365,-1,136
0.4453125,0.023944188888797735,-1,136
0.44140625,8.880313382936267e-05,-1,136
0.439453125,-0.011838889743654546,1,136
0.4404296875,-0.005875043304912453,1,136
0.44091796875,-0.0028931200855412675,1,136
0.441162109375,-0.0014021584758560635,1,136
0.4412841796875,-0.0006566776710134059,1,136
0.44134521484375,-0.00028393726859199386,1,136
0.441375732421875,-9.756706738128784e-05,1,136
0.4413909912109375,-4.38196677587932e-06,1,136
0.44139862060546875,4.221058352676943e-05,-1,136
0.4413948059082031,1.891430837552832e-05,-1,136
0.4413928985595703,7.266170799602456e-06,-1,136
0.4413919448852539,1.442102011917079e-06,-1,136
0.4413914680480957,-1.469932381814587e-06,1,136
0.0,-3.10959921027292,1,140
0.5,-0.06113967267828507,1,140
0.75,1.463090096119032,-1,140
0.625,0.7009752117203736,-1,140
0.5625,0.3199177695210444,-1,140
0.53125,0.12938904842137966,-1,140
0.515625,0.03412468787154732,-1,140
0.5078125,-0.01350749240336896,1,140
0.51171875,0.010308597734089153,-1,140
0.509765625,-0.0015994473346400695,1,140
0.5107421875,0.004354575199724653,-1,140
0.51025390625,0.0013775639325424582,-1,140
0.510009765625,-0.00011094170104886114,1,140
0.5101318359375,0.0006333111157468263,-1,140
0.51007080078125,0.0002611847073489826,-1,140
0.510040283203125,7.512150315025501e-05,-1,140
0.5100250244140625,-1.7910098949136533e-05,1,140
0.5100326538085938,2.8605702100281682e-05,-1,140
0.5100288391113281,5.347801575461553e-06,-1,140
0.5100269317626953,-6.281148686948512e-06,1,140
0.5100278854370117,-4.6667355579899095e-07,1,140
0.5100283622741699,2.4405640096647474e-06,-1,140
0.0,-0.6992626335230906,1,144
0.5,2.3695539789945177,-1,144
0.25,0.8351456727357138,-1,144
0.125,0.06794151960631156,-1,144
0.0625,-0.31566055695838946,1,144
0.09375,-0.12385951867603881,1,144
0.109375,-0.027958999534863666,1,144
0.1171875,0.0199912600357241,-1,144
0.11328125,-0.00398386974956999,1,144
0.115234375,0.00800369514307736,-1,144
0.1142578125,0.002009912696753463,-1,144
0.11376953125,-0.000986978526408,1,144
0.114013671875,0.0005114670851726899,-1,144
0.1138916015625,-0.0002377557206174885,1,144
0.11395263671875,0.00013685568227730927,-1,144
0.113922119140625,-5.045001917003411e-05,1,144
0.1139373779296875,4.320283155348492e-05,-1,144
0.11392974853515625,-3.6235938082607166e-06,1,144
0.11393356323242188,1.9789618872778636e-05,-1,144
0.11393165588378906,8.083012532411615e-06,-1,144
0.11393070220947266,2.229709362033816e-06,-1,144
0.11393022537231445,-6.969422231273281e-07,1,144
0.0,-1.909126043307247,1,148
0.5,1.1599597754955733,-1,148
0.25,-0.3745831339058371,1,148
0.375,0.39268832079486793,-1,148
0.3125,0.009052593444515526,-1,148
0.28125,-0.1827652702306608,1,148
0.296875,-0.08685633839307265,1,148
0.3046875,-0.03890187247427862,1,148
0.30859375,-0.014924639514881474,1,148
0.310546875,-0.002936023035183033,1,148
0.3115234375,0.0030582852046662293,-1,148
0.31103515625,6.113108474153917e-05,-1,148
0.310791015625,-0.0014374459752205943,1,148
0.3109130859375,-0.0006881574452395067,1,148
0.31097412109375,-0.00031351318024892133,1,148
0.311004638671875,-0.00012619104775361822,1,148
0.3110198974609375,-3.252998150608116e-05,1,148
0.31102752685546875,1.4300551617843493e-05,-1,148
0.3110237121582031,-9.11471494415006e-06,1,148
0.31102561950683594,2.592918336832839e-06,-1,148
0.31102466583251953,-3.260898303616977e-06,1,148
0.31102514266967773,-3.3398998330880225e-07,1,148
0.0,-2.409913707665324,1,152
0.5,0.6482843631307655,-1,152
0.25,-0.8808146722672795,1,152
0.375,-0.11626515456825698,1,152
0.4375,0.2660096042812541,-1,152
0.40625,0.07487222485649841,-1,152
0.390625,-0.020696464855879254,1,152
0.3984375,0.02708788000030976,-1,152
0.39453125,0.0031957075722152672,-1,152
0.392578125,-0.008750378641831896,1,152
0.3935546875,-0.0027773355348084394,1,152
0.39404296875,0.00020918601870340003,-1,152
0.393798828125,-0.001284074758052367,1,152
0.3939208984375,-0.0005374443696745113,1,152
0.39398193359375,-0.00016412917548552786,1,152
0.394012451171875,2.2528421609019356e-05,-1,152
0.3939971923828125,-7.080037693824037e-05,1,152
0.39400482177734375,-2.4135977664707653e-05,1,152
0.3940086364746094,-8.037780279135376e-07,1,152
0.3940105438232422,1.0862321790539031e-05,-1,152
0.3940095901489258,5.029271881312747e-06,-1,152
0.3940091133117676,2.112746926685727e-06,-1,152
0.0,-2.0030212972390444,1,156
0.5,1.0563384122923982,-1,156
0.25,-0.47334144247332344,1,156
0.375,0.29149848490953734,-1,156
0.3125,-0.0909214787818931,1,156
0.34375,0.10028850306382231,-1,156
0.328125,0.004683512140964852,-1,156
0.3203125,-0.04311898332046432,1,156
0.32421875,-0.019217735589749818,1,156
0.326171875,-0.007267111724392761,1,156
0.3271484375,-0.00129179979171401,1,156
0.32763671875,0.0016958561746251433,-1,156
0.327392578125,0.0002020281914557609,-1,156
0.3272705078125,-0.0005448858001293466,1,156
0.32733154296875,-0.00017142880433684837,1,156
0.327362060546875,1.529969355940075e-05,-1,156
0.3273468017578125,-7.806455538877932e-05,1,156
0.32735443115234375,-3.138243091466153e-05,1,156
0.3273582458496094,-8.041368677491612e-06,1,156
0.3273601531982422,3.6291624408990586e-06,-1,156
0.3273591995239258,-2.20610311846281e-06,1,156
0.327359676361084,7.115296613013911e-07,-1,156
